job_id,posting_year,country,region,city,company_name,company_size,industry,job_title,seniority_level,ai_mentioned,ai_keywords,ai_intensity_score,core_skills,ai_skills,salary_usd,salary_change_vs_prev_year_percent,automation_risk_score,reskilling_required,ai_job_displacement_risk,job_description_embedding_cluster,industry_ai_adoption_stage
c891dc0d-efe8-4d5f-a5cc-a0da63ee32fa,2020,China,East Asia,Berlin,NextGen Technologies,Startup,Agriculture,Operations Manager,Junior,True,machine learning,0.65,"Communication, Cloud Computing, Research",machine learning,100789,8.18,0.34,True,Low,6,Growing
11aee4b4-9c5c-4f89-93be-902d413ac1d0,2015,South Korea,East Asia,Sao Paulo,Future Solutions,Small,Agriculture,Systems Engineer,Junior,True,"machine learning, NLP, deep learning, computer vision",0.41,"Project Management, Data Analysis, Statistics, Python, Research, Software Engineering","machine learning, NLP, deep learning, computer vision",78717,2.49,0.18,True,High,17,Emerging
19d2b3fc-02a9-4ac5-9e2c-d9d917c332c0,2024,Bangladesh,South Asia,New York,NextGen Technologies,Small,Agriculture,AI Researcher,Junior,True,machine learning,0.77,"Cloud Computing, Software Engineering, Python, Statistics",machine learning,36092,15.69,0.17,True,Medium,7,Growing
1e40c792-ef9a-43c6-a3e7-e9558870b1fc,2021,Colombia,South America,London,Global Solutions,Startup,Agriculture,Systems Engineer,Junior,True,"machine learning, generative AI",0.6,"Data Analysis, Statistics, Research","machine learning, generative AI",69571,7.05,0.28,True,High,18,Growing
a01276f9-6d35-41ee-92f1-d15fdaea9fb0,2025,Egypt,Africa,Bangalore,NextGen Technologies,Startup,Agriculture,Research Scientist,Junior,True,"LLMs, MLOps",0.76,"Project Management, Statistics, Communication","LLMs, MLOps",31794,9.4,0.25,True,High,11,Growing
2b9c42f4-ffbe-445f-9c53-b8d50ee39576,2020,Colombia,South America,Lagos,Prime Analytics,Large,Agriculture,Software Engineer,Junior,True,"computer vision, NLP, machine learning, generative AI",0.42,"Statistics, Software Engineering, Data Analysis, Cloud Computing, Python, Business Analysis","computer vision, NLP, machine learning, generative AI",64426,9.31,0.4,True,Low,18,Growing
14d807d4-4de0-4847-ab5f-86347d3e6351,2024,Morocco,Africa,Tokyo,NextGen Solutions,Small,Agriculture,ML Engineer,Junior,True,reinforcement learning,0.66,"Project Management, Communication, Data Analysis, SQL, Software Engineering",reinforcement learning,35522,13.07,0.2,True,Low,11,Growing
346f7947-dc82-4209-b49b-490295e353b8,2023,Taiwan,East Asia,Bangalore,Future Solutions,Enterprise,Agriculture,Policy Analyst,Junior,True,NLP,0.67,"Business Analysis, Statistics, Communication, SQL, Python",NLP,104393,6.28,0.16,True,High,5,Growing
3529786b-085b-4680-b1f3-9418901025b3,2023,New Zealand,Oceania,Paris,Global Analytics,Enterprise,Agriculture,Product Manager,Junior,True,"NLP, reinforcement learning, LLMs, machine learning",0.93,"Project Management, Statistics, Python, Communication","NLP, reinforcement learning, LLMs, machine learning",115500,16.32,0.23,True,High,19,Growing
e6c8e578-7419-4f2d-9a68-bc9dd0a3caad,2018,New Zealand,Oceania,Bangalore,Global Systems,Startup,Agriculture,ML Engineer,Junior,True,"machine learning, reinforcement learning, NLP",0.84,"Statistics, Research, Project Management","machine learning, reinforcement learning, NLP",100609,14.68,0.21,True,Medium,18,Growing
016d2805-a133-4e33-be18-c603a487e31d,2020,United States,North America,Paris,NextGen Analytics,Enterprise,Agriculture,ML Engineer,Junior,True,"deep learning, MLOps",0.58,"Research, SQL, Software Engineering","deep learning, MLOps",112133,13.64,0.13,True,Low,12,Growing
e6340d8f-5801-40cd-ad53-541131503579,2023,South Africa,Africa,London,Future Analytics,Large,Agriculture,Systems Engineer,Junior,True,deep learning,0.63,"Data Analysis, SQL, Cloud Computing, Business Analysis",deep learning,39519,10.02,0.13,True,Medium,2,Growing
ce66afeb-fc14-48b5-88e1-c2b743cba0cb,2020,Italy,Europe,Paris,Global Systems,Large,Agriculture,Business Analyst,Junior,True,"reinforcement learning, computer vision, machine learning",0.84,"SQL, Research, Data Analysis, Software Engineering, Business Analysis","reinforcement learning, computer vision, machine learning",102450,5.02,0.4,True,Low,17,Growing
9c10a4db-ecf4-46be-b7f3-6caf5c024947,2023,Vietnam,Southeast Asia,Bangalore,Future Analytics,Medium,Agriculture,ML Engineer,Junior,True,"generative AI, reinforcement learning, LLMs, NLP",0.77,"Research, Software Engineering, Business Analysis, Communication, Python, Cloud Computing","generative AI, reinforcement learning, LLMs, NLP",56420,10.1,0.14,True,High,15,Growing
afd06e3f-b963-4862-aed5-065780affa5d,2023,Vietnam,Southeast Asia,Dubai,NextGen Technologies,Large,Agriculture,Research Scientist,Junior,True,"generative AI, deep learning, reinforcement learning, NLP",0.58,"Communication, Project Management, Business Analysis","generative AI, deep learning, reinforcement learning, NLP",64660,5.27,0.3,True,Medium,13,Growing
ab2b18de-a3f7-4f6e-b54c-979f3077406e,2019,Malaysia,Southeast Asia,Toronto,NextGen Technologies,Medium,Agriculture,ML Engineer,Junior,True,"computer vision, NLP, reinforcement learning",0.9,"Business Analysis, SQL, Python, Project Management, Software Engineering","computer vision, NLP, reinforcement learning",56706,8.1,0.38,True,Low,15,Growing
4eb068d5-4d51-40c6-a82e-f76c4b57325b,2025,Saudi Arabia,Middle East,Singapore,Prime Systems,Startup,Agriculture,Systems Engineer,Mid,True,"reinforcement learning, deep learning, generative AI",0.74,"Python, Research, Statistics, Cloud Computing, Business Analysis","reinforcement learning, deep learning, generative AI",105188,17.47,0.3,True,Medium,15,Growing
2987dd07-bf83-486b-aec6-fdf75327f46e,2023,Australia,Oceania,Dubai,Global Analytics,Large,Agriculture,ML Engineer,Mid,True,MLOps,0.53,"Project Management, SQL, Cloud Computing, Software Engineering, Business Analysis, Communication",MLOps,137961,15.26,0.21,True,Medium,6,Growing
ab1ef744-8b0a-4b92-99d3-df10779c71c2,2013,Colombia,South America,Tokyo,Future Analytics,Enterprise,Agriculture,Software Engineer,Mid,True,MLOps,0.4,"Research, Business Analysis, Communication, SQL, Cloud Computing",MLOps,60372,1.65,0.15,True,Medium,13,Emerging
f5c5d25a-a3fb-4e71-aebf-bad96a75a192,2024,Spain,Europe,Bangalore,NextGen Analytics,Medium,Agriculture,Data Scientist,Mid,True,"deep learning, MLOps, generative AI, reinforcement learning",0.72,"Research, Python, SQL","deep learning, MLOps, generative AI, reinforcement learning",105533,5.52,0.16,True,High,8,Growing
ccc88eaf-7103-4d85-a2b9-8aca8654595f,2025,Bangladesh,South Asia,Sao Paulo,Global Solutions,Large,Agriculture,Business Analyst,Mid,True,"reinforcement learning, NLP",0.45,"Communication, Research, Project Management, Data Analysis, Business Analysis","reinforcement learning, NLP",40474,9.45,0.26,True,Low,18,Growing
b8a589e5-7017-4a9c-87db-0e06d34274d8,2024,UAE,Middle East,Dubai,NextGen Technologies,Enterprise,Agriculture,AI Researcher,Mid,True,"generative AI, deep learning, LLMs, NLP",0.45,"Data Analysis, Project Management, Python, SQL, Cloud Computing, Research","generative AI, deep learning, LLMs, NLP",111366,8.67,0.23,True,Medium,8,Growing
713dd777-7f0c-4a5a-89bf-451f4ed47e4f,2020,Mexico,North America,London,NextGen Systems,Small,Agriculture,Data Scientist,Mid,True,"machine learning, deep learning, computer vision, LLMs",0.72,"SQL, Research, Statistics","machine learning, deep learning, computer vision, LLMs",114397,10.92,0.18,True,Medium,10,Growing
b5c52fb5-9147-472a-a9d0-460b442f3c9f,2025,Thailand,Southeast Asia,Lagos,NextGen Analytics,Medium,Agriculture,Business Analyst,Mid,True,"generative AI, LLMs, deep learning",0.63,"Project Management, Business Analysis, Python, Data Analysis","generative AI, LLMs, deep learning",61552,13.85,0.34,True,Low,8,Growing
c923df8e-1353-41b2-936d-3f9b1f9a3df0,2018,United States,North America,Bangalore,Global Systems,Medium,Agriculture,Research Scientist,Mid,True,reinforcement learning,0.87,"Data Analysis, Statistics, Research, SQL, Software Engineering",reinforcement learning,138490,6.76,0.16,True,High,12,Growing
2e4a4082-d3f6-4caf-9f74-77578fc730c3,2015,Ghana,Africa,Berlin,Global Technologies,Medium,Agriculture,ML Engineer,Mid,True,"machine learning, computer vision, deep learning",0.82,"SQL, Data Analysis, Project Management, Cloud Computing","machine learning, computer vision, deep learning",27504,3.59,0.29,True,Low,5,Emerging
c8a6db8b-ea7b-4f8f-9b01-7fbf9c8152bc,2025,Netherlands,Europe,Seoul,NextGen Analytics,Enterprise,Agriculture,ML Engineer,Mid,True,machine learning,0.48,"Communication, Statistics, Data Analysis, Python, Project Management",machine learning,134640,12.4,0.25,True,Medium,18,Growing
14d3af0a-aca4-4b40-b4df-f6459e8c42a1,2021,Italy,Europe,Lagos,Global Solutions,Startup,Agriculture,Software Engineer,Mid,True,"deep learning, machine learning",0.68,"Research, Communication, Data Analysis, Project Management","deep learning, machine learning",111866,13.42,0.32,True,Low,15,Growing
42aec06d-89c5-4f7f-9d08-f7124a785edd,2025,Ghana,Africa,Nairobi,Global Solutions,Enterprise,Agriculture,Research Scientist,Mid,True,"LLMs, MLOps, NLP",0.86,"Statistics, Data Analysis, SQL","LLMs, MLOps, NLP",35395,6.9,0.22,True,High,16,Growing
12ac2696-4ff2-4298-83fc-076a7d245e1e,2016,Sweden,Europe,Nairobi,Prime Systems,Large,Agriculture,Data Scientist,Mid,True,"machine learning, computer vision, reinforcement learning, MLOps",0.82,"Cloud Computing, Statistics, Python, SQL","machine learning, computer vision, reinforcement learning, MLOps",100561,-3.11,0.26,True,Medium,14,Emerging
c152dbe0-e3ad-4e04-b739-33bc59ee9536,2025,New Zealand,Oceania,Sao Paulo,NextGen Technologies,Enterprise,Agriculture,Software Engineer,Mid,True,"NLP, computer vision, deep learning, reinforcement learning",0.47,"Python, Data Analysis, Statistics, SQL","NLP, computer vision, deep learning, reinforcement learning",133960,16.39,0.25,True,Low,0,Growing
ca2e0cc7-54d7-472c-b8b0-634277106bc3,2018,Brazil,South America,Toronto,NextGen Technologies,Enterprise,Agriculture,Systems Engineer,Mid,True,"MLOps, NLP, machine learning, reinforcement learning",0.93,"Communication, Python, Business Analysis, Statistics, Research, Software Engineering","MLOps, NLP, machine learning, reinforcement learning",69182,11.65,0.28,True,High,13,Growing
7278bacf-28d7-4a01-936e-f922b6acc970,2022,China,East Asia,Bangalore,Future Technologies,Enterprise,Agriculture,ML Engineer,Mid,True,reinforcement learning,0.81,"Communication, Research, Software Engineering, Project Management, SQL",reinforcement learning,97245,14.4,0.38,True,High,3,Growing
74b0b518-4ebd-4f5b-90db-3be538f1a485,2018,Germany,Europe,London,NextGen Solutions,Startup,Agriculture,Data Scientist,Mid,True,"reinforcement learning, NLP",0.81,"Research, Cloud Computing, Data Analysis, Statistics","reinforcement learning, NLP",103049,10.91,0.33,True,High,16,Growing
808e352f-e24e-43cb-b8b3-2291911d1422,2024,Chile,South America,Paris,NextGen Technologies,Enterprise,Agriculture,Software Engineer,Mid,True,"machine learning, deep learning, LLMs, computer vision",0.48,"Research, Software Engineering, Cloud Computing, Project Management, Business Analysis","machine learning, deep learning, LLMs, computer vision",67302,14.67,0.24,True,High,7,Growing
ada400cc-e430-464d-ba6f-e46ce7a78c3b,2023,Argentina,South America,Lagos,Global Analytics,Large,Agriculture,Operations Manager,Mid,True,"generative AI, reinforcement learning, NLP",0.63,"Cloud Computing, Data Analysis, Software Engineering, Project Management, Communication, Research","generative AI, reinforcement learning, NLP",74557,11.43,0.17,True,High,10,Growing
31cdd680-fa15-4d6f-a121-6fb048c0ab15,2018,Colombia,South America,Nairobi,NextGen Solutions,Large,Agriculture,Software Engineer,Mid,True,"computer vision, MLOps, NLP",0.65,"Communication, Project Management, Python, Cloud Computing, Software Engineering","computer vision, MLOps, NLP",63546,13.02,0.22,True,High,9,Growing
2a16de8f-c89b-48da-8020-e1118408c27e,2022,Pakistan,South Asia,Nairobi,Future Technologies,Large,Education,ML Engineer,Executive,True,"LLMs, MLOps, computer vision",0.93,"Data Analysis, Research, Python, Cloud Computing, Software Engineering, Statistics","LLMs, MLOps, computer vision",39698,11.38,0.15,True,High,1,Growing
6b360c25-2c03-4552-b26e-e59f36823827,2021,Vietnam,Southeast Asia,Berlin,Global Analytics,Small,Education,Systems Engineer,Executive,True,"MLOps, NLP",0.89,"Business Analysis, Data Analysis, Statistics, SQL","MLOps, NLP",53649,5.27,0.34,True,Medium,13,Growing
430cbeac-1790-4fb4-a2ec-7a28c82e7f1a,2018,Sweden,Europe,New York,Prime Solutions,Enterprise,Education,Software Engineer,Executive,True,"reinforcement learning, MLOps, NLP, deep learning",0.81,"Communication, Research, SQL","reinforcement learning, MLOps, NLP, deep learning",88614,12.3,0.33,True,Medium,15,Growing
c83330ba-1d07-4c03-98e8-4bca3ba0b6e8,2025,Vietnam,Southeast Asia,Paris,Global Solutions,Large,Education,Software Engineer,Executive,True,"MLOps, NLP",0.95,"Software Engineering, SQL, Business Analysis","MLOps, NLP",68081,7.45,0.17,True,Low,7,Growing
3250a881-d64f-4044-9b57-eac7337da33b,2020,Taiwan,East Asia,Berlin,Future Systems,Enterprise,Education,AI Researcher,Executive,True,LLMs,0.93,"Software Engineering, Project Management, Research, Business Analysis",LLMs,115090,7.76,0.28,True,Low,12,Growing
15efdb07-0be7-4de9-b858-7be604f723df,2025,Nepal,South Asia,London,NextGen Technologies,Large,Education,ML Engineer,Executive,True,NLP,0.86,"Business Analysis, Communication, Statistics, Python",NLP,38500,9.58,0.27,True,High,17,Growing
d9771c41-36a2-43a4-90c1-68b6e9a33e65,2021,Vietnam,Southeast Asia,Nairobi,NextGen Technologies,Enterprise,Energy,AI Researcher,Executive,True,"LLMs, NLP, MLOps, deep learning",0.47,"Cloud Computing, Research, Communication, Python, SQL, Data Analysis","LLMs, NLP, MLOps, deep learning",50708,6.55,0.26,True,Low,11,Growing
2735f411-fd24-4790-af4c-4cf9c530ce5c,2023,South Korea,East Asia,Paris,Future Analytics,Large,Energy,Research Scientist,Executive,True,"LLMs, machine learning",0.57,"Cloud Computing, Business Analysis, Project Management","LLMs, machine learning",107392,7.64,0.34,True,Low,7,Growing
86ee0c22-32e9-4782-9f05-ec5e5d2b7f1f,2024,Vietnam,Southeast Asia,Nairobi,NextGen Technologies,Startup,Energy,Operations Manager,Executive,True,"computer vision, machine learning, deep learning, reinforcement learning",0.67,"Python, Software Engineering, Statistics, Research, Cloud Computing, Business Analysis","computer vision, machine learning, deep learning, reinforcement learning",59351,6.04,0.28,True,High,19,Growing
476aef6e-106f-4a37-b823-a53478fe7ded,2017,Jordan,Middle East,Singapore,Future Solutions,Large,Energy,Software Engineer,Executive,True,"deep learning, NLP, MLOps, reinforcement learning",0.87,"Cloud Computing, SQL, Business Analysis, Python, Project Management, Software Engineering","deep learning, NLP, MLOps, reinforcement learning",90011,-1.11,0.32,True,Medium,0,Growing
ac44ef1d-7c30-47a9-8ef9-dcbf37e1e136,2021,Qatar,Middle East,Lagos,Global Solutions,Large,Energy,Systems Engineer,Executive,True,"reinforcement learning, MLOps, deep learning, NLP",0.76,"Research, Communication, Business Analysis, Data Analysis, Cloud Computing, SQL","reinforcement learning, MLOps, deep learning, NLP",86205,9.84,0.18,True,High,8,Growing
6cc6e300-3bd3-4c12-9f92-5ecccd012e11,2022,Malaysia,Southeast Asia,Toronto,Global Solutions,Startup,Energy,Operations Manager,Executive,True,"reinforcement learning, computer vision, MLOps",0.91,"Business Analysis, Communication, Data Analysis, Statistics, Cloud Computing, Python","reinforcement learning, computer vision, MLOps",57303,14.93,0.22,True,High,11,Growing
b49b732c-8f7f-4eda-8744-813bd8d9ab0e,2022,Egypt,Africa,Seoul,NextGen Systems,Medium,Energy,ML Engineer,Executive,True,reinforcement learning,0.61,"SQL, Project Management, Business Analysis, Software Engineering",reinforcement learning,36503,7.11,0.4,True,High,5,Growing
e8f4fa29-9bfd-440c-9695-3f62d76db994,2024,UAE,Middle East,Seoul,Future Solutions,Large,Energy,Operations Manager,Executive,True,"MLOps, LLMs, reinforcement learning",0.86,"Software Engineering, Communication, Business Analysis, Data Analysis, Project Management, Statistics","MLOps, LLMs, reinforcement learning",101688,16.6,0.22,True,Medium,12,Growing
192d4993-10c1-4705-88a0-ec9715a4019a,2024,Israel,Middle East,Bangalore,Global Analytics,Large,Energy,AI Researcher,Executive,True,"generative AI, machine learning",0.8,"Business Analysis, Statistics, Data Analysis, SQL","generative AI, machine learning",92879,5.18,0.12,True,Medium,13,Growing
5ce1283b-a61b-4016-9864-69436ba241c9,2019,Taiwan,East Asia,Bangalore,Future Analytics,Medium,Energy,Research Scientist,Executive,True,"computer vision, MLOps, reinforcement learning",0.79,"Software Engineering, Communication, SQL, Python, Data Analysis","computer vision, MLOps, reinforcement learning",101970,11.07,0.26,True,High,2,Growing
5066a419-1eb8-442e-9692-9d4db3b9daf3,2025,Thailand,Southeast Asia,Tokyo,Global Solutions,Small,Energy,AI Researcher,Executive,True,"generative AI, NLP",0.75,"Cloud Computing, Research, Statistics, SQL","generative AI, NLP",59146,5.89,0.18,True,Low,5,Growing
76619b38-1276-4c42-abe2-952bc9326567,2021,Mexico,North America,Toronto,Future Solutions,Enterprise,Energy,Business Analyst,Executive,True,"machine learning, NLP, reinforcement learning",0.85,"Python, SQL, Cloud Computing, Research, Software Engineering, Data Analysis","machine learning, NLP, reinforcement learning",120063,9.0,0.11,True,Low,7,Growing
f1fd0e88-cc1d-4738-bdde-dc942328e4df,2012,Indonesia,Southeast Asia,Dubai,Prime Analytics,Enterprise,Energy,Systems Engineer,Executive,True,computer vision,0.84,"Statistics, Project Management, Data Analysis, Cloud Computing, Business Analysis, Communication",computer vision,40263,-3.59,0.29,True,High,7,Emerging
5595e390-e0d5-4be9-88cd-77c6d6a5d2d2,2023,Spain,Europe,Sao Paulo,Prime Technologies,Startup,Energy,AI Researcher,Executive,True,"NLP, deep learning, machine learning",0.92,"Communication, Cloud Computing, Statistics, SQL, Python","NLP, deep learning, machine learning",126114,13.75,0.12,True,Medium,11,Growing
83044d45-0fa4-4b5d-8b3a-4764ea2ebd15,2025,Australia,Oceania,Tokyo,Prime Solutions,Enterprise,Energy,Software Engineer,Executive,True,"deep learning, generative AI, computer vision, NLP",0.48,"Software Engineering, Communication, Cloud Computing, SQL, Data Analysis, Python","deep learning, generative AI, computer vision, NLP",138072,14.66,0.25,True,Low,17,Growing
1819c3f4-041e-44d0-8833-9128a9564e49,2016,Chile,South America,Sao Paulo,NextGen Systems,Enterprise,Energy,Operations Manager,Executive,True,"machine learning, MLOps, deep learning, NLP",0.9,"Python, Cloud Computing, Software Engineering, Data Analysis, Project Management","machine learning, MLOps, deep learning, NLP",52084,1.8,0.38,True,High,1,Emerging
c9d084aa-cfa4-4438-8734-ea6ecf6d682e,2014,Thailand,Southeast Asia,Sydney,Prime Technologies,Startup,Energy,ML Engineer,Executive,True,"machine learning, deep learning, computer vision, reinforcement learning",0.9,"SQL, Business Analysis, Statistics, Project Management, Research","machine learning, deep learning, computer vision, reinforcement learning",42724,0.17,0.14,True,Low,16,Emerging
f86430dd-a70a-440d-a633-93e4994abfbf,2022,Vietnam,Southeast Asia,Dubai,NextGen Systems,Medium,Energy,Operations Manager,Executive,True,machine learning,0.44,"SQL, Python, Project Management, Statistics",machine learning,57235,14.2,0.18,True,Medium,0,Growing
d7019f4a-ab1b-4cbd-8843-e308a8d6073a,2019,United Kingdom,Europe,Sydney,Prime Technologies,Medium,Energy,Business Analyst,Executive,True,"deep learning, computer vision, NLP, machine learning",0.52,"Cloud Computing, Python, Statistics, Software Engineering, Project Management, Data Analysis","deep learning, computer vision, NLP, machine learning",112281,12.88,0.36,True,Low,0,Growing
a6e238f2-2931-4d2b-bc9e-38add806318e,2022,Qatar,Middle East,Tokyo,Future Analytics,Startup,Energy,Policy Analyst,Executive,True,"LLMs, NLP, deep learning",0.84,"Software Engineering, SQL, Statistics, Communication, Data Analysis","LLMs, NLP, deep learning",96497,14.39,0.32,True,Low,11,Growing
d7702308-016d-4ccb-a5a4-77ad074e5088,2023,United States,North America,Sydney,NextGen Solutions,Large,Energy,Operations Manager,Executive,True,"machine learning, reinforcement learning",0.81,"Software Engineering, Project Management, SQL, Statistics, Communication, Data Analysis","machine learning, reinforcement learning",153208,13.39,0.2,True,Low,13,Growing
3a53ad52-275e-417a-afde-9549a792b4a5,2020,Vietnam,Southeast Asia,Singapore,Future Technologies,Medium,Energy,Research Scientist,Executive,True,"deep learning, computer vision, MLOps",0.85,"SQL, Software Engineering, Python, Business Analysis, Data Analysis","deep learning, computer vision, MLOps",49613,8.28,0.15,True,Low,16,Growing
3ad98d4e-a6af-4d02-b90c-de7ab94e7430,2022,Peru,South America,Sao Paulo,NextGen Technologies,Medium,Energy,Policy Analyst,Mid,True,computer vision,0.41,"SQL, Cloud Computing, Project Management, Business Analysis, Data Analysis",computer vision,66278,10.54,0.3,True,Medium,17,Growing
4a97f242-2123-4edf-851a-c358c92e3f16,2022,Chile,South America,Toronto,Future Analytics,Enterprise,Energy,Product Manager,Mid,True,"generative AI, deep learning",0.69,"Project Management, Python, Research","generative AI, deep learning",69729,8.57,0.29,True,Low,12,Growing
f72c484a-ab57-4517-9d1e-fe117990c266,2025,Saudi Arabia,Middle East,Sydney,NextGen Solutions,Small,Energy,Research Scientist,Mid,True,"generative AI, LLMs, computer vision",0.53,"Python, Project Management, Statistics, Data Analysis, Software Engineering","generative AI, LLMs, computer vision",106889,8.83,0.27,True,Medium,13,Growing
b74801b6-3a56-4074-b374-d8374be763b4,2025,Indonesia,Southeast Asia,London,Prime Systems,Medium,Energy,Data Scientist,Mid,True,LLMs,0.85,"Statistics, Communication, Project Management, Business Analysis, Data Analysis",LLMs,69092,14.01,0.16,True,Medium,11,Growing
b52611d9-d600-4e72-af24-2fd6646de529,2025,Canada,North America,Toronto,Prime Analytics,Startup,Energy,Operations Manager,Mid,True,"computer vision, generative AI",0.95,"Research, Software Engineering, Communication","computer vision, generative AI",160586,13.59,0.33,True,Low,2,Growing
3a33d7e5-241c-4c7c-b736-f6c21e16a489,2025,Canada,North America,London,Future Analytics,Large,Energy,Operations Manager,Mid,True,"machine learning, computer vision, LLMs",0.55,"Business Analysis, Data Analysis, SQL, Cloud Computing, Communication, Project Management","machine learning, computer vision, LLMs",159812,8.29,0.1,True,High,10,Growing
9a4f65c9-10cd-4d22-9a18-32903142bdb3,2019,Bangladesh,South Asia,Sao Paulo,NextGen Analytics,Startup,Energy,Business Analyst,Mid,True,deep learning,0.82,"SQL, Research, Data Analysis",deep learning,36004,14.59,0.22,True,High,16,Growing
0060eb27-ee58-4762-90f4-c3fd1c26c086,2023,United States,North America,Paris,NextGen Systems,Small,Energy,Business Analyst,Mid,True,"computer vision, generative AI, LLMs, machine learning",0.83,"Project Management, Software Engineering, Python, SQL","computer vision, generative AI, LLMs, machine learning",154543,15.26,0.1,True,Medium,12,Growing
21508e1e-129b-4b6c-873e-f5dc7489c2ef,2023,Singapore,Southeast Asia,Sao Paulo,Prime Analytics,Small,Energy,Software Engineer,Mid,True,deep learning,0.79,"Research, Software Engineering, Data Analysis, Communication, Cloud Computing",deep learning,66066,7.43,0.19,True,Medium,18,Growing
2ad8a57e-3111-4c28-a69d-252ee4898cbe,2020,China,East Asia,Sydney,Future Solutions,Small,Energy,AI Researcher,Mid,True,"machine learning, LLMs",0.54,"Cloud Computing, Statistics, Data Analysis, Communication, Software Engineering, Research","machine learning, LLMs",102403,16.87,0.39,True,Medium,6,Growing
17268693-b512-47c7-9c32-c2da7164f1b3,2025,China,East Asia,Sao Paulo,Prime Systems,Medium,Energy,ML Engineer,Mid,True,computer vision,0.84,"Python, Software Engineering, Statistics, Cloud Computing, Data Analysis",computer vision,122839,17.71,0.23,True,High,6,Growing
43846ce8-d8b5-445e-ac96-23b57496fddb,2024,United Kingdom,Europe,Singapore,NextGen Systems,Medium,Energy,ML Engineer,Mid,True,reinforcement learning,0.86,"Data Analysis, Statistics, Python, Software Engineering, SQL",reinforcement learning,135414,9.61,0.14,True,Low,17,Growing
d58f134b-2f06-4942-bd54-cf26f74defc8,2014,New Zealand,Oceania,Tokyo,Prime Analytics,Medium,Energy,ML Engineer,Mid,True,"machine learning, deep learning",0.91,"Communication, Business Analysis, Software Engineering, Python","machine learning, deep learning",98038,-2.17,0.4,True,High,6,Emerging
df06a827-b561-4221-a74c-3417c413f037,2020,Australia,Oceania,Seoul,Prime Solutions,Small,Energy,ML Engineer,Mid,True,"machine learning, deep learning, computer vision, reinforcement learning",0.84,"Business Analysis, Research, Software Engineering, Data Analysis, Statistics, SQL","machine learning, deep learning, computer vision, reinforcement learning",121307,6.95,0.25,True,Medium,8,Growing
2b3f215b-cb8f-4fce-af3e-3970a607f7e0,2023,Singapore,Southeast Asia,Dubai,NextGen Analytics,Enterprise,Energy,ML Engineer,Mid,True,"generative AI, machine learning, NLP",0.83,"Statistics, Project Management, Business Analysis, Research, Software Engineering, Cloud Computing","generative AI, machine learning, NLP",50667,15.29,0.15,True,High,0,Growing
981903da-45ad-4355-be9b-66c13094f9d7,2025,Morocco,Africa,Nairobi,NextGen Analytics,Enterprise,Energy,Operations Manager,Mid,True,"NLP, MLOps, reinforcement learning, deep learning",0.85,"Project Management, Statistics, Business Analysis, SQL","NLP, MLOps, reinforcement learning, deep learning",32429,14.02,0.39,True,Medium,3,Growing
7c7a15bd-cce4-43be-9628-ab5818db1bd5,2019,Australia,Oceania,Singapore,Future Systems,Enterprise,Energy,Software Engineer,Mid,True,"MLOps, deep learning, reinforcement learning",0.63,"SQL, Data Analysis, Software Engineering, Python, Communication, Cloud Computing","MLOps, deep learning, reinforcement learning",100359,7.26,0.24,True,Low,10,Growing
2b0875f6-dbd6-49da-b3ee-46d926db58b8,2017,Italy,Europe,Nairobi,Future Systems,Enterprise,Energy,Policy Analyst,Mid,True,"machine learning, MLOps, deep learning, NLP",0.65,"Data Analysis, SQL, Software Engineering, Communication","machine learning, MLOps, deep learning, NLP",114396,-0.3,0.1,True,Medium,11,Growing
ecd99860-ae99-44a5-803c-c7d2ab5b8548,2016,Japan,East Asia,Bangalore,Global Technologies,Large,Energy,Research Scientist,Mid,True,NLP,0.44,"Statistics, Project Management, Python, Software Engineering, Business Analysis",NLP,93252,-2.05,0.14,True,High,17,Emerging
41466f7f-8f9b-473c-b6e9-b646c8883eaa,2025,Japan,East Asia,Paris,Prime Technologies,Enterprise,Government,ML Engineer,Executive,True,"deep learning, generative AI, machine learning, MLOps",0.92,"Business Analysis, Research, Data Analysis","deep learning, generative AI, machine learning, MLOps",120334,17.85,0.14,True,Medium,6,Growing
c2323415-dba6-4ed9-a505-b2fad2c5f8ee,2022,New Zealand,Oceania,Sao Paulo,Future Technologies,Startup,Government,Product Manager,Executive,True,"deep learning, reinforcement learning",0.93,"SQL, Communication, Python","deep learning, reinforcement learning",118196,6.64,0.3,True,Low,11,Growing
d7a9c2d7-0069-4254-953a-fafe27434280,2021,Nepal,South Asia,Nairobi,Prime Systems,Enterprise,Government,ML Engineer,Mid,True,deep learning,0.57,"Software Engineering, Communication, Statistics",deep learning,42821,14.35,0.26,True,Low,17,Growing
964a3bf2-fe5d-4cee-b39d-db5d8978113d,2023,India,South Asia,London,Future Solutions,Large,Government,Operations Manager,Mid,True,generative AI,0.9,"Project Management, Python, Business Analysis, SQL, Data Analysis",generative AI,35998,12.01,0.33,True,High,16,Growing
8f971dcf-08ff-49ce-9056-c2d82721d775,2022,Argentina,South America,Tokyo,Prime Solutions,Startup,Government,Software Engineer,Mid,True,"reinforcement learning, machine learning, MLOps, deep learning",0.8,"Communication, Software Engineering, Project Management, Statistics, Business Analysis","reinforcement learning, machine learning, MLOps, deep learning",74985,16.99,0.33,True,Medium,3,Growing
f2ed4e35-a7a4-4bc3-ad0b-c64c11adbc9e,2016,Argentina,South America,Sydney,Future Solutions,Startup,Government,Policy Analyst,Mid,True,"computer vision, deep learning, reinforcement learning, machine learning",0.81,"Communication, Data Analysis, Research, Software Engineering, Cloud Computing","computer vision, deep learning, reinforcement learning, machine learning",58636,-1.01,0.19,True,High,6,Emerging
fa179a44-77f8-4475-b141-23f9afd79539,2018,Nepal,South Asia,Berlin,Prime Systems,Large,Government,Data Scientist,Mid,True,"reinforcement learning, deep learning, MLOps",0.69,"Project Management, SQL, Software Engineering, Data Analysis","reinforcement learning, deep learning, MLOps",38151,5.13,0.22,True,Low,1,Growing
9c0a99af-955e-480d-a4e1-e7abf3628631,2023,Bangladesh,South Asia,Sao Paulo,Future Analytics,Small,Government,Data Scientist,Mid,True,"NLP, deep learning, MLOps, machine learning",0.73,"Cloud Computing, Software Engineering, Business Analysis, Data Analysis, Communication, Research","NLP, deep learning, MLOps, machine learning",36955,7.8,0.29,True,High,10,Growing
056f0db0-d290-46bf-bffb-4a2aedef6149,2019,New Zealand,Oceania,Bangalore,NextGen Systems,Medium,Government,Systems Engineer,Mid,True,"computer vision, MLOps",0.94,"Python, Business Analysis, Project Management","computer vision, MLOps",132098,6.42,0.11,True,Medium,19,Growing
5ac619e3-1861-4ac9-83ba-8c7e4e365420,2023,Taiwan,East Asia,Seoul,Prime Systems,Enterprise,Government,Software Engineer,Mid,True,"reinforcement learning, machine learning, computer vision",0.79,"SQL, Communication, Python, Business Analysis, Research, Cloud Computing","reinforcement learning, machine learning, computer vision",105667,16.09,0.29,True,Medium,14,Growing
8e824742-8f6e-4fd6-b453-86ffe4907ec7,2022,Thailand,Southeast Asia,Toronto,Global Analytics,Enterprise,Government,Operations Manager,Mid,True,"NLP, generative AI",0.92,"Software Engineering, SQL, Data Analysis, Python, Cloud Computing","NLP, generative AI",53201,12.82,0.24,True,Medium,10,Growing
fe97e63d-9f32-45e7-8133-f87f7a4b878b,2019,Poland,Europe,Paris,NextGen Solutions,Enterprise,Government,Business Analyst,Mid,True,machine learning,0.74,"Statistics, Project Management, Software Engineering, Data Analysis",machine learning,115037,8.48,0.1,True,Low,8,Growing
659d4379-6dc5-4e38-9455-e232b01d3b78,2019,Vietnam,Southeast Asia,Lagos,Global Systems,Medium,Government,AI Researcher,Mid,True,computer vision,0.62,"SQL, Cloud Computing, Research, Statistics, Software Engineering, Communication",computer vision,60374,17.23,0.11,True,Low,12,Growing
46edcb57-5fc3-4d09-ac0b-9437565074e6,2025,Saudi Arabia,Middle East,Lagos,Global Systems,Enterprise,Government,Policy Analyst,Mid,True,"MLOps, LLMs, NLP",0.77,"Statistics, Business Analysis, Cloud Computing, Communication, Research, SQL","MLOps, LLMs, NLP",96440,16.85,0.26,True,Low,5,Growing
e9e880df-6fd0-42ea-a238-10f749c48855,2019,Egypt,Africa,London,Future Systems,Medium,Government,AI Researcher,Mid,True,"NLP, computer vision",0.9,"Communication, Cloud Computing, Project Management, Business Analysis","NLP, computer vision",31148,9.83,0.12,True,Low,16,Growing
b9516a66-1763-42b0-8041-d6e6ba3cf179,2014,Brazil,South America,Tokyo,Global Solutions,Enterprise,Healthcare,Systems Engineer,Intern,True,NLP,0.64,"Communication, Software Engineering, Cloud Computing, Python, SQL",NLP,53628,1.07,0.22,True,Medium,19,Emerging
6a1c823b-0d76-4fbe-807b-bbe865249cc5,2021,Taiwan,East Asia,Seoul,Future Solutions,Medium,Healthcare,ML Engineer,Intern,True,generative AI,0.91,"Project Management, Python, Communication, Statistics",generative AI,107201,14.72,0.16,True,Low,1,Growing
afa278bd-bd0d-4071-9ac9-8ed98bd1f841,2025,Taiwan,East Asia,Lagos,Prime Systems,Startup,Healthcare,Research Scientist,Intern,True,"LLMs, machine learning",0.55,"Research, Statistics, Python, Business Analysis, Communication","LLMs, machine learning",112909,7.19,0.24,True,Medium,17,Growing
f4d0a8cf-60eb-492a-b4e5-d814dae3e308,2025,Egypt,Africa,London,NextGen Analytics,Medium,Healthcare,ML Engineer,Intern,True,"LLMs, NLP, reinforcement learning, MLOps",0.83,"Research, Business Analysis, Statistics, Communication","LLMs, NLP, reinforcement learning, MLOps",35423,6.79,0.36,True,High,19,Growing
e1c83516-2637-4542-aee5-8c4c4c22721d,2025,United States,North America,Berlin,Prime Analytics,Small,Healthcare,Operations Manager,Intern,True,"deep learning, NLP",0.82,"Communication, Project Management, Research, Data Analysis, Cloud Computing, Software Engineering","deep learning, NLP",127101,10.48,0.13,True,Low,10,Growing
bc8fcf84-d21a-40d9-ad13-c4941273a84d,2025,Nepal,South Asia,Sydney,NextGen Technologies,Startup,Healthcare,AI Researcher,Intern,True,"generative AI, MLOps, deep learning",0.56,"SQL, Data Analysis, Business Analysis, Statistics","generative AI, MLOps, deep learning",36265,16.09,0.39,True,Low,13,Growing
a845a761-b980-4aac-b951-67b267cc6ddb,2022,South Africa,Africa,Dubai,Global Systems,Enterprise,Healthcare,Software Engineer,Intern,True,"MLOps, generative AI, computer vision",0.54,"Software Engineering, Project Management, Python, Cloud Computing, SQL","MLOps, generative AI, computer vision",38446,5.68,0.28,True,High,10,Growing
bf18cf99-ce4b-46e8-bcc6-759f84810881,2021,Argentina,South America,New York,NextGen Technologies,Startup,Healthcare,Product Manager,Intern,True,MLOps,0.89,"Data Analysis, Cloud Computing, Project Management, Statistics, Business Analysis",MLOps,71493,10.05,0.1,True,High,3,Growing
1d67c0ac-9a30-44ef-bc23-929baddbaa29,2023,Bangladesh,South Asia,Nairobi,Prime Analytics,Startup,Healthcare,Policy Analyst,Intern,True,"computer vision, NLP",0.84,"Python, Cloud Computing, SQL, Communication, Research","computer vision, NLP",43914,11.29,0.39,True,Medium,1,Growing
a17b51bd-e5a6-4ebd-9292-12f82d391307,2021,France,Europe,Paris,Global Solutions,Medium,Healthcare,Business Analyst,Intern,True,"deep learning, reinforcement learning",0.54,"Statistics, Cloud Computing, Python, Software Engineering, Project Management, SQL","deep learning, reinforcement learning",98089,10.48,0.4,True,Medium,19,Growing
41d2656d-e46a-4035-bb04-136dfb43e0f5,2024,Canada,North America,Bangalore,NextGen Analytics,Small,Healthcare,Data Scientist,Intern,True,"LLMs, reinforcement learning, MLOps, NLP",0.9,"Business Analysis, Software Engineering, Research, SQL, Cloud Computing, Statistics","LLMs, reinforcement learning, MLOps, NLP",141932,14.54,0.25,True,Low,3,Growing
4c429af2-d242-4f53-9916-f6695c6e7908,2025,Pakistan,South Asia,Berlin,Global Systems,Medium,Healthcare,Data Scientist,Intern,True,"NLP, deep learning, reinforcement learning, generative AI",0.59,"Communication, Business Analysis, SQL, Python, Project Management","NLP, deep learning, reinforcement learning, generative AI",38104,14.47,0.38,True,Medium,16,Growing
34fc9608-52ba-4cc4-8b99-ff297e74dece,2020,Jordan,Middle East,London,Global Analytics,Large,Healthcare,Systems Engineer,Intern,True,"NLP, MLOps, deep learning, LLMs",0.65,"Communication, Data Analysis, Project Management, SQL, Statistics","NLP, MLOps, deep learning, LLMs",85905,10.25,0.19,True,Medium,14,Growing
7aa5ac59-bcd5-4f45-804b-ab19a1073054,2022,Australia,Oceania,Dubai,Future Analytics,Large,Healthcare,Systems Engineer,Intern,True,"machine learning, computer vision, generative AI, reinforcement learning",0.57,"Research, Data Analysis, Communication","machine learning, computer vision, generative AI, reinforcement learning",123961,13.01,0.22,True,Low,0,Growing
2a1297f8-a4a9-4bfd-87dc-9dc6c5f64abf,2018,Saudi Arabia,Middle East,Paris,Prime Technologies,Small,Healthcare,Business Analyst,Intern,True,"NLP, machine learning",0.77,"Software Engineering, Data Analysis, Project Management, Python","NLP, machine learning",88038,9.67,0.24,True,High,14,Growing
c931039d-4996-47a4-a319-d878d728d936,2018,New Zealand,Oceania,Dubai,Future Technologies,Startup,Healthcare,Data Scientist,Intern,True,"deep learning, MLOps, machine learning",0.59,"Python, Research, Communication, Business Analysis, Statistics, Project Management","deep learning, MLOps, machine learning",105443,15.22,0.35,True,Medium,7,Growing
a5e38fb8-388f-4758-8571-e89079586be5,2020,United Kingdom,Europe,Lagos,Prime Solutions,Enterprise,Healthcare,AI Researcher,Intern,True,"reinforcement learning, NLP, generative AI, machine learning",0.7,"Data Analysis, Cloud Computing, Python","reinforcement learning, NLP, generative AI, machine learning",100357,13.06,0.25,True,High,17,Growing
27a8f86e-658c-4c50-88d9-8bc14c948fa7,2012,Bangladesh,South Asia,Dubai,Global Solutions,Enterprise,Healthcare,Research Scientist,Intern,True,MLOps,0.55,"Research, Data Analysis, Cloud Computing, SQL, Business Analysis, Project Management",MLOps,29560,-0.95,0.17,True,Low,12,Emerging
c978566b-87e2-408f-9577-6f4d6266bcb8,2015,Chile,South America,Singapore,Future Technologies,Enterprise,Healthcare,Software Engineer,Intern,True,machine learning,0.61,"Research, SQL, Data Analysis",machine learning,57924,-0.18,0.34,True,Low,8,Emerging
73c29cda-0407-4ba5-8e1d-6bfbf6a3e6ca,2020,Philippines,Southeast Asia,Singapore,Future Technologies,Medium,Healthcare,AI Researcher,Lead,True,MLOps,0.76,"Project Management, Communication, Business Analysis",MLOps,51134,5.31,0.35,True,High,10,Growing
8da0577c-ee09-44b1-8e39-7225d6c0a185,2024,Mexico,North America,Berlin,Future Analytics,Small,Healthcare,Business Analyst,Lead,True,deep learning,0.49,"Cloud Computing, Communication, SQL, Business Analysis, Python",deep learning,151316,5.86,0.26,True,Medium,6,Growing
3e4c7f5a-6c2e-4e07-ad7b-55944cff39c2,2016,UAE,Middle East,Tokyo,Future Analytics,Startup,Healthcare,Research Scientist,Lead,True,"machine learning, computer vision, NLP, MLOps",0.62,"Communication, Python, Software Engineering, Research, Project Management, Data Analysis","machine learning, computer vision, NLP, MLOps",87501,-2.0,0.22,True,Medium,0,Emerging
90649a9e-adff-4672-907d-2e40f4742df5,2025,Brazil,South America,Sydney,Global Analytics,Enterprise,Healthcare,Data Scientist,Lead,True,"machine learning, computer vision, deep learning, MLOps",0.73,"Communication, Software Engineering, Data Analysis","machine learning, computer vision, deep learning, MLOps",61591,7.95,0.13,True,Low,6,Growing
af6946a4-e737-4d63-be7f-f2d68fe8bc84,2022,Indonesia,Southeast Asia,New York,Prime Technologies,Enterprise,Healthcare,Policy Analyst,Lead,True,"NLP, generative AI, reinforcement learning, MLOps",0.86,"Communication, Data Analysis, Software Engineering, Statistics, Research","NLP, generative AI, reinforcement learning, MLOps",54142,17.3,0.3,True,Low,2,Growing
d3b0e3b2-011d-4662-8621-164459244591,2021,Taiwan,East Asia,Nairobi,Global Technologies,Enterprise,Healthcare,Data Scientist,Lead,True,"generative AI, NLP, LLMs, deep learning",0.94,"Python, SQL, Cloud Computing, Statistics, Business Analysis, Project Management","generative AI, NLP, LLMs, deep learning",102350,6.67,0.1,True,Low,10,Growing
7a307c1d-3fb5-49db-9a87-338ca8c91a8c,2017,Canada,North America,Tokyo,Prime Solutions,Large,Healthcare,Research Scientist,Lead,True,"computer vision, NLP, reinforcement learning, MLOps",0.79,"SQL, Data Analysis, Statistics","computer vision, NLP, reinforcement learning, MLOps",118429,-4.52,0.2,True,Medium,14,Growing
0b30cc61-8920-4d8a-b3fc-75cba9bedf35,2014,Canada,North America,Sydney,Future Technologies,Small,Healthcare,Research Scientist,Lead,True,"NLP, computer vision",0.66,"SQL, Python, Cloud Computing, Research, Statistics","NLP, computer vision",114408,-1.47,0.24,True,Low,6,Emerging
81982082-908c-4065-8722-dbd3d66a933e,2023,Sweden,Europe,Bangalore,Prime Systems,Medium,Healthcare,Product Manager,Lead,True,"machine learning, generative AI, reinforcement learning, LLMs",0.58,"Python, Communication, Research, Software Engineering, Cloud Computing, Business Analysis","machine learning, generative AI, reinforcement learning, LLMs",101058,5.18,0.13,True,Low,14,Growing
3fd2ed6e-1e62-43c9-81ab-92d27a172f3a,2019,UAE,Middle East,Sao Paulo,NextGen Technologies,Enterprise,Healthcare,AI Researcher,Lead,True,"NLP, MLOps",0.65,"Business Analysis, Software Engineering, Communication, Research, Project Management, Python","NLP, MLOps",92229,15.67,0.11,True,High,12,Growing
d0849155-3c86-4bcf-94a3-34c53a87ddf5,2023,Mexico,North America,Seoul,NextGen Technologies,Enterprise,Healthcare,Data Scientist,Lead,True,"MLOps, NLP, generative AI",0.52,"Statistics, Research, Software Engineering, SQL","MLOps, NLP, generative AI",133696,5.66,0.3,True,High,19,Growing
9ee35991-3ce2-42c0-a54a-4f81f4a65fc8,2016,Colombia,South America,Dubai,Global Systems,Medium,Healthcare,AI Researcher,Lead,True,"reinforcement learning, computer vision, NLP",0.45,"Business Analysis, Communication, Software Engineering","reinforcement learning, computer vision, NLP",64960,0.66,0.21,True,Medium,0,Emerging
37ae129c-4080-46d3-8434-760c61465d67,2022,Peru,South America,Bangalore,Global Technologies,Medium,Healthcare,Systems Engineer,Lead,True,"computer vision, generative AI",0.93,"Project Management, SQL, Statistics, Software Engineering, Data Analysis, Business Analysis","computer vision, generative AI",75777,11.61,0.27,True,High,16,Growing
82bf14c7-da28-4847-90ff-cd8d8e0d4196,2015,Saudi Arabia,Middle East,New York,Global Systems,Small,Healthcare,Policy Analyst,Lead,True,"reinforcement learning, MLOps, NLP, computer vision",0.77,"Python, Software Engineering, Data Analysis","reinforcement learning, MLOps, NLP, computer vision",92332,-2.9,0.29,True,Low,4,Emerging
df514ec3-357c-4f03-82ef-3ed5ed128dc6,2025,Poland,Europe,Berlin,Global Systems,Enterprise,Healthcare,Research Scientist,Lead,True,"MLOps, deep learning, NLP",0.71,"Statistics, Business Analysis, Communication, Research, Project Management","MLOps, deep learning, NLP",127825,14.13,0.28,True,Medium,17,Growing
20e3e79d-96f2-448a-97a3-4e72e16e42c0,2018,Netherlands,Europe,Seoul,Future Systems,Startup,Healthcare,Policy Analyst,Lead,True,"reinforcement learning, NLP, MLOps",0.61,"Data Analysis, Python, SQL","reinforcement learning, NLP, MLOps",106155,16.42,0.25,True,High,2,Growing
302c8f66-277c-457d-aa9f-69744372fefe,2023,Malaysia,Southeast Asia,Nairobi,Future Technologies,Small,Healthcare,AI Researcher,Mid,True,"MLOps, computer vision, deep learning, reinforcement learning",0.95,"Python, Data Analysis, Communication, Software Engineering","MLOps, computer vision, deep learning, reinforcement learning",53802,11.94,0.18,True,Medium,12,Growing
e521fba1-58f0-4c8d-84fd-ea88314a300e,2023,China,East Asia,Seoul,Global Solutions,Enterprise,Manufacturing,Systems Engineer,Executive,True,reinforcement learning,0.66,"Business Analysis, SQL, Research, Software Engineering, Data Analysis, Cloud Computing",reinforcement learning,114287,8.81,0.22,True,Low,5,Growing
82758245-d2f7-4289-b457-18da83a29d51,2018,Japan,East Asia,London,NextGen Systems,Medium,Manufacturing,Business Analyst,Executive,True,"reinforcement learning, deep learning, NLP, MLOps",0.95,"Cloud Computing, Data Analysis, Statistics, SQL","reinforcement learning, deep learning, NLP, MLOps",100649,16.38,0.37,True,Medium,19,Growing
589f9241-fa5a-478c-84a3-68c428c30cef,2021,Ghana,Africa,Seoul,Future Solutions,Large,Manufacturing,Product Manager,Executive,True,NLP,0.47,"Communication, Business Analysis, Python, Software Engineering",NLP,37396,8.3,0.24,True,Medium,1,Growing
b910ba08-3675-4804-ad4c-b04171752528,2024,Canada,North America,Sydney,Future Technologies,Startup,Manufacturing,Business Analyst,Executive,True,LLMs,0.57,"Software Engineering, Communication, Project Management, Python",LLMs,139454,10.68,0.13,True,Low,18,Growing
a350f7fb-b2fa-4fa2-9e60-1f645c5763a5,2025,Argentina,South America,Dubai,Prime Technologies,Large,Manufacturing,Operations Manager,Executive,True,deep learning,0.67,"Research, Statistics, Communication",deep learning,64736,6.4,0.28,True,Low,12,Growing
1c7558bf-61fe-45e6-b122-6d825bd3bb4b,2020,Israel,Middle East,Berlin,Future Systems,Startup,Manufacturing,Software Engineer,Executive,True,generative AI,0.65,"Research, Cloud Computing, Business Analysis",generative AI,102296,16.1,0.21,True,Low,1,Growing
30b6a1b0-1513-4dc7-a33f-f19fb8b22164,2010,Nigeria,Africa,New York,Prime Solutions,Large,Manufacturing,Research Scientist,Executive,True,"reinforcement learning, computer vision, machine learning",0.79,"Software Engineering, Statistics, Python, Data Analysis","reinforcement learning, computer vision, machine learning",26025,3.53,0.29,True,Medium,14,Emerging
2057617e-7124-4486-868d-bec7cacc6bcf,2025,Peru,South America,Lagos,Global Analytics,Enterprise,Manufacturing,ML Engineer,Executive,True,LLMs,0.54,"SQL, Cloud Computing, Data Analysis, Python",LLMs,61875,5.71,0.39,True,Medium,18,Growing
ff84da33-9300-418a-b168-df142478e383,2014,Poland,Europe,New York,Prime Systems,Small,Manufacturing,Policy Analyst,Executive,True,"computer vision, reinforcement learning, MLOps, NLP",0.68,"Cloud Computing, Python, Project Management, Statistics","computer vision, reinforcement learning, MLOps, NLP",98686,-0.44,0.25,True,Medium,2,Emerging
ae8b9c46-06ee-4de0-82af-681fb222ac31,2024,Argentina,South America,Berlin,NextGen Solutions,Small,Manufacturing,Policy Analyst,Executive,True,"reinforcement learning, generative AI, machine learning",0.41,"Project Management, Software Engineering, Business Analysis, Research","reinforcement learning, generative AI, machine learning",69051,11.6,0.15,True,Low,4,Growing
c6a96dd3-efec-4108-a5b4-e1c0d3e59396,2017,Morocco,Africa,Seoul,Prime Systems,Medium,Manufacturing,Data Scientist,Executive,True,"NLP, machine learning, computer vision",0.67,"Python, Communication, Statistics","NLP, machine learning, computer vision",29294,0.39,0.23,True,High,2,Growing
832141e6-6310-4abf-b323-3be6389de9c9,2023,Malaysia,Southeast Asia,London,Future Technologies,Small,Manufacturing,Policy Analyst,Executive,True,"machine learning, LLMs",0.67,"Communication, SQL, Business Analysis, Python, Statistics, Project Management","machine learning, LLMs",53532,7.58,0.21,True,Medium,12,Growing
31544644-35d3-4b8c-847e-1cac55a6f006,2019,Netherlands,Europe,Nairobi,Global Analytics,Small,Manufacturing,AI Researcher,Executive,True,"reinforcement learning, deep learning",0.81,"Python, Software Engineering, Data Analysis, Project Management, Research, SQL","reinforcement learning, deep learning",104287,17.33,0.36,True,Low,1,Growing
ea06b7e1-9eaa-4c9f-a1cb-181cef3fe7c3,2010,Pakistan,South Asia,Paris,Prime Solutions,Small,Manufacturing,Research Scientist,Executive,True,"MLOps, computer vision, machine learning, NLP",0.74,"Project Management, SQL, Research","MLOps, computer vision, machine learning, NLP",24113,1.29,0.24,True,High,15,Emerging
f6d87e99-7a30-4863-a7b7-613cdf73e966,2020,UAE,Middle East,New York,Prime Systems,Large,Manufacturing,ML Engineer,Executive,True,"NLP, reinforcement learning",0.94,"Communication, SQL, Cloud Computing, Statistics, Python","NLP, reinforcement learning",102492,10.47,0.35,True,Low,15,Growing
33387edc-bcd5-4a57-bcba-52e3adc58446,2019,Colombia,South America,New York,Future Technologies,Medium,Manufacturing,Research Scientist,Executive,True,"MLOps, computer vision",0.52,"Statistics, Cloud Computing, Software Engineering, Python, SQL","MLOps, computer vision",68416,8.54,0.11,True,Low,1,Growing
e19fda98-e564-4de2-b8e7-8885b2766b78,2021,Nepal,South Asia,Sao Paulo,Global Systems,Small,Manufacturing,Product Manager,Executive,True,"LLMs, generative AI, deep learning",0.81,"Research, Communication, Cloud Computing","LLMs, generative AI, deep learning",33704,5.77,0.24,True,High,1,Growing
cc87fe9a-b33f-4efe-81b1-ffe951d37556,2019,UAE,Middle East,Bangalore,Prime Systems,Large,Manufacturing,Product Manager,Executive,True,"deep learning, MLOps, reinforcement learning, machine learning",0.68,"Project Management, Statistics, Python, Data Analysis, Business Analysis, Software Engineering","deep learning, MLOps, reinforcement learning, machine learning",76591,5.85,0.19,True,Medium,7,Growing
318a67b1-ccbf-4292-ad50-28686aa386fb,2024,Pakistan,South Asia,Lagos,Prime Technologies,Small,Manufacturing,Policy Analyst,Executive,True,"reinforcement learning, computer vision, machine learning, LLMs",0.88,"Research, Python, Software Engineering, Communication, Project Management, Cloud Computing","reinforcement learning, computer vision, machine learning, LLMs",35867,17.68,0.35,True,Medium,15,Growing
620ba16c-1094-4b57-a4d5-bfc9fa0dbb8d,2024,Brazil,South America,New York,Prime Technologies,Startup,Manufacturing,Research Scientist,Executive,True,machine learning,0.85,"Cloud Computing, Software Engineering, Communication, Project Management, SQL",machine learning,61011,7.9,0.14,True,Low,12,Growing
6c7e1643-2085-41ae-b31a-78e5ef27123b,2019,United Kingdom,Europe,Nairobi,Prime Technologies,Small,Manufacturing,Research Scientist,Executive,True,computer vision,0.63,"Statistics, Project Management, Cloud Computing, Data Analysis, Research",computer vision,118279,17.11,0.33,True,Medium,12,Growing
4677868a-3344-4a55-894b-da113efdb952,2023,Chile,South America,Sao Paulo,NextGen Technologies,Small,Manufacturing,Operations Manager,Executive,True,"reinforcement learning, MLOps",0.57,"Software Engineering, Project Management, Cloud Computing","reinforcement learning, MLOps",75457,9.56,0.37,True,Low,7,Growing
e2b5acc9-2634-4d82-8c68-1a86bd6a5faf,2013,Mexico,North America,Berlin,NextGen Systems,Enterprise,Manufacturing,Data Scientist,Executive,True,"reinforcement learning, MLOps, computer vision, deep learning",0.74,"Cloud Computing, SQL, Business Analysis, Communication, Statistics","reinforcement learning, MLOps, computer vision, deep learning",104993,2.33,0.28,True,Medium,8,Emerging
2c7e1a63-ee64-4e7a-9755-2ccf5e93d313,2016,Australia,Oceania,Bangalore,Future Technologies,Large,Manufacturing,ML Engineer,Lead,True,deep learning,0.93,"Python, Statistics, Software Engineering, Research, SQL",deep learning,114952,-3.81,0.11,True,Low,4,Emerging
12355a42-c755-4ddd-a535-d64fec63db94,2022,Sweden,Europe,Sydney,Global Analytics,Large,Manufacturing,Research Scientist,Lead,True,deep learning,0.84,"Software Engineering, Research, Python",deep learning,100661,13.45,0.28,True,High,9,Growing
5a37475e-19d3-4045-b1c0-e2373a5b0ff4,2023,China,East Asia,Singapore,Global Solutions,Small,Manufacturing,ML Engineer,Lead,True,"generative AI, computer vision, reinforcement learning",0.61,"SQL, Project Management, Statistics","generative AI, computer vision, reinforcement learning",121237,8.82,0.11,True,High,16,Growing
e2f4dfc7-088e-4e7b-b100-c2b7d2d5b15b,2025,Australia,Oceania,Singapore,Prime Analytics,Large,Manufacturing,Data Scientist,Lead,True,NLP,0.5,"Software Engineering, Python, Research, Cloud Computing, Communication, Statistics",NLP,142369,11.52,0.34,True,High,8,Growing
e782d51f-4195-4a0d-b7ae-c114bd4cbeb6,2022,United States,North America,Bangalore,Global Analytics,Enterprise,Manufacturing,Operations Manager,Lead,True,MLOps,0.55,"Data Analysis, Software Engineering, Research",MLOps,153069,8.07,0.16,True,High,16,Growing
17e106b8-e054-4f4a-805f-c308280fab6d,2015,Sri Lanka,South Asia,London,Prime Solutions,Startup,Manufacturing,Research Scientist,Lead,True,deep learning,0.45,"Data Analysis, Communication, Cloud Computing, Software Engineering, Research, Project Management",deep learning,27993,2.86,0.36,True,Medium,8,Emerging
87c6aa97-52f4-4242-9e2d-d91033dd6b56,2018,Nigeria,Africa,Sydney,NextGen Systems,Medium,Manufacturing,Research Scientist,Lead,True,deep learning,0.59,"Research, Python, Cloud Computing",deep learning,34714,17.13,0.23,True,Low,18,Growing
0ffaf50b-8327-4fa9-8973-de26ab4561d0,2025,South Korea,East Asia,Berlin,Global Systems,Enterprise,Manufacturing,Product Manager,Lead,True,"deep learning, reinforcement learning, machine learning",0.45,"Research, Communication, SQL, Software Engineering, Business Analysis","deep learning, reinforcement learning, machine learning",97258,15.11,0.14,True,Medium,17,Growing
924a445d-3b0d-4e70-a6e4-1871a7a82aa3,2024,Netherlands,Europe,Paris,Future Systems,Startup,Manufacturing,Software Engineer,Lead,True,"LLMs, generative AI, machine learning",0.77,"SQL, Business Analysis, Software Engineering","LLMs, generative AI, machine learning",135031,10.19,0.34,True,High,15,Growing
2f3f504d-acd5-4597-bf37-9c34f040db9f,2025,UAE,Middle East,Tokyo,NextGen Systems,Startup,Manufacturing,Business Analyst,Lead,True,"machine learning, computer vision, NLP",0.67,"Communication, Business Analysis, Cloud Computing","machine learning, computer vision, NLP",98905,8.98,0.21,True,Low,8,Growing
4441d36d-5f53-4cc0-9fa1-e8171a69ddcc,2013,UAE,Middle East,Berlin,NextGen Systems,Large,Manufacturing,ML Engineer,Lead,True,deep learning,0.72,"Communication, Research, Python, Business Analysis, Software Engineering, SQL",deep learning,85654,-0.71,0.16,True,Medium,15,Emerging
fe2a1871-d939-4b30-81c5-986e1a4afa3a,2014,Thailand,Southeast Asia,Tokyo,Future Solutions,Medium,Manufacturing,Operations Manager,Lead,True,"reinforcement learning, machine learning",0.72,"Communication, Cloud Computing, SQL, Business Analysis, Research","reinforcement learning, machine learning",41562,2.53,0.24,True,Medium,9,Emerging
5bbe1e38-9361-4f50-bb1f-03492e45dc47,2021,Argentina,South America,Dubai,Future Technologies,Large,Manufacturing,Data Scientist,Lead,True,"computer vision, deep learning, machine learning, MLOps",0.57,"Project Management, Business Analysis, Research, Communication, Statistics","computer vision, deep learning, machine learning, MLOps",65921,14.47,0.35,True,Medium,15,Growing
346cb31c-fce4-41e5-9dba-5ff459aa699d,2024,Argentina,South America,Toronto,NextGen Solutions,Enterprise,Manufacturing,ML Engineer,Lead,True,generative AI,0.59,"Cloud Computing, Project Management, Python, Communication, Statistics",generative AI,75767,11.87,0.11,True,High,16,Growing
7cfb5bd2-126e-453c-8ed8-aad403c8e132,2019,Nepal,South Asia,Singapore,Future Systems,Large,Manufacturing,Research Scientist,Lead,True,"machine learning, deep learning, reinforcement learning",0.87,"Software Engineering, Python, SQL","machine learning, deep learning, reinforcement learning",30442,17.83,0.29,True,High,9,Growing
43c00f05-6859-433c-aab6-284564d9feb6,2025,Pakistan,South Asia,Berlin,NextGen Technologies,Enterprise,Manufacturing,Systems Engineer,Lead,True,LLMs,0.69,"Communication, Python, SQL, Data Analysis",LLMs,43725,11.0,0.29,True,High,14,Growing
bec2c7ea-c99b-4f2f-91e3-50f035275214,2020,Sri Lanka,South Asia,Lagos,NextGen Technologies,Startup,Manufacturing,AI Researcher,Lead,True,"deep learning, computer vision",0.92,"Business Analysis, Statistics, SQL","deep learning, computer vision",37553,10.07,0.15,True,Medium,4,Growing
0e959265-bd72-451a-82c1-e72d9fc599d8,2017,China,East Asia,Seoul,Prime Solutions,Large,Manufacturing,Business Analyst,Lead,True,"reinforcement learning, machine learning, deep learning, computer vision",0.9,"Communication, Software Engineering, Project Management, Research, Cloud Computing","reinforcement learning, machine learning, deep learning, computer vision",94498,0.42,0.32,True,Medium,5,Growing
28f0e66e-c37f-4f54-a256-32fe77d7e324,2025,Canada,North America,New York,NextGen Analytics,Enterprise,Manufacturing,Systems Engineer,Lead,True,"generative AI, deep learning, machine learning",0.46,"Python, Software Engineering, Cloud Computing, Communication, Research","generative AI, deep learning, machine learning",161547,17.38,0.34,True,High,17,Growing
36ebf748-230d-4269-8dea-ef5ec6b7f3e3,2024,Nigeria,Africa,Lagos,Prime Solutions,Small,Manufacturing,Product Manager,Lead,True,"deep learning, MLOps, LLMs, generative AI",0.87,"Communication, Software Engineering, Cloud Computing","deep learning, MLOps, LLMs, generative AI",31164,5.58,0.2,True,Low,13,Growing
56d22a30-2439-4e98-a651-600369e617f9,2021,Mexico,North America,Toronto,Global Analytics,Medium,Manufacturing,Software Engineer,Lead,True,generative AI,0.64,"Project Management, SQL, Communication, Statistics",generative AI,125054,9.52,0.12,True,Low,1,Growing
da9b3426-b968-49e0-be69-00fa5d678ad4,2024,Mexico,North America,Dubai,Prime Analytics,Startup,Agriculture,Operations Manager,Lead,True,"deep learning, computer vision, MLOps",0.44,"SQL, Business Analysis, Data Analysis, Python, Communication","deep learning, computer vision, MLOps",155076,10.64,0.11,True,High,11,Growing
0a963367-2b71-4e53-af3c-44ff9bcd6998,2025,Spain,Europe,New York,Future Analytics,Small,Agriculture,ML Engineer,Lead,True,"NLP, deep learning, machine learning, reinforcement learning",0.66,"Business Analysis, Communication, Data Analysis, SQL","NLP, deep learning, machine learning, reinforcement learning",140052,17.63,0.22,True,Medium,4,Growing
79590ca2-a3b9-4dcb-9a55-49c0825a06f3,2025,Australia,Oceania,Sao Paulo,Prime Technologies,Small,Agriculture,Systems Engineer,Lead,True,"computer vision, NLP",0.71,"SQL, Communication, Project Management, Research, Python","computer vision, NLP",145020,15.31,0.31,True,Medium,16,Growing
2ce29a62-7bf8-4b56-a4fb-149dd4a5aebc,2021,Canada,North America,Seoul,Future Technologies,Medium,Education,Operations Manager,Executive,True,"reinforcement learning, generative AI, machine learning, MLOps",0.44,"Statistics, Research, Cloud Computing, Business Analysis, Communication","reinforcement learning, generative AI, machine learning, MLOps",147481,7.68,0.31,True,Low,16,Growing
a81ff596-a20d-4590-8ef3-deb469fe4e55,2022,United States,North America,Berlin,NextGen Solutions,Medium,Education,Business Analyst,Intern,True,reinforcement learning,0.49,"SQL, Software Engineering, Data Analysis",reinforcement learning,146365,8.62,0.36,True,Low,8,Growing
ca398e08-3acf-4b1b-bf88-dce651910fe3,2023,United States,North America,Lagos,Prime Systems,Startup,Education,Operations Manager,Intern,True,"reinforcement learning, LLMs, deep learning",0.46,"Business Analysis, Python, Communication, Statistics, Project Management","reinforcement learning, LLMs, deep learning",150612,5.56,0.31,True,Low,8,Growing
4d381f20-9106-4bf2-8296-300f42b9756e,2025,Mexico,North America,Berlin,Future Analytics,Large,Education,Data Scientist,Mid,True,"reinforcement learning, NLP, computer vision, MLOps",0.53,"Statistics, Communication, Cloud Computing, SQL, Software Engineering","reinforcement learning, NLP, computer vision, MLOps",149077,5.22,0.26,True,Low,11,Growing
1c40945c-6bbe-4f99-86ee-ba9f958eb7ef,2025,Australia,Oceania,Bangalore,Future Systems,Small,Energy,Research Scientist,Junior,True,"deep learning, MLOps",0.43,"Business Analysis, Cloud Computing, Data Analysis","deep learning, MLOps",148923,6.14,0.35,True,Medium,4,Growing
df764b92-79f8-40b1-b165-8b9a02fbfa8a,2025,Mexico,North America,Dubai,Prime Technologies,Medium,Finance,Product Manager,Executive,True,"NLP, LLMs",0.91,"Research, Project Management, Statistics, Data Analysis, Business Analysis","NLP, LLMs",149448,8.76,0.22,True,High,19,Mature
ccb57868-45f0-4719-bc2a-7e6a01e6f197,2021,United States,North America,Sydney,Global Analytics,Enterprise,Finance,Software Engineer,Executive,True,"computer vision, LLMs",0.46,"Python, Cloud Computing, Statistics, Data Analysis, Research","computer vision, LLMs",148534,13.46,0.3,True,Medium,9,Growing
a387ca42-3088-4aef-b29b-dee215240f08,2024,Canada,North America,Sydney,Prime Analytics,Large,Finance,Business Analyst,Executive,True,"computer vision, LLMs, machine learning",0.79,"Software Engineering, Statistics, Business Analysis, Research, SQL","computer vision, LLMs, machine learning",151004,9.26,0.33,True,Low,16,Mature
0e2df72f-2c8e-47a3-ba10-05e38e420632,2025,Canada,North America,Berlin,NextGen Analytics,Small,Finance,Product Manager,Junior,True,"LLMs, deep learning, reinforcement learning",0.55,"Project Management, Software Engineering, Data Analysis, Business Analysis, Cloud Computing","LLMs, deep learning, reinforcement learning",157355,5.18,0.13,True,Low,10,Mature
c3b12a05-16bb-437a-ba71-8a5fb749fa94,2023,Mexico,North America,Bangalore,NextGen Technologies,Startup,Finance,Operations Manager,Junior,True,"machine learning, NLP, deep learning, computer vision",0.72,"SQL, Software Engineering, Cloud Computing, Research, Python","machine learning, NLP, deep learning, computer vision",146957,5.33,0.38,True,High,14,Mature
d2648501-71d5-4170-bcec-7543c4a204a1,2025,Canada,North America,Singapore,Global Technologies,Startup,Finance,Research Scientist,Senior,True,"computer vision, MLOps",0.66,"Software Engineering, Python, Business Analysis, Data Analysis, Communication, Research","computer vision, MLOps",146759,10.26,0.39,True,High,6,Mature
215c51a7-6488-4914-a3cc-e9892102fee3,2023,Canada,North America,Lagos,Prime Technologies,Large,Government,Business Analyst,Intern,True,machine learning,0.76,"Project Management, Communication, Software Engineering, Business Analysis, Python",machine learning,154995,16.39,0.31,True,High,1,Growing
f5a1a69d-dcd0-450f-871d-4cb935462095,2025,Canada,North America,Nairobi,Future Systems,Small,Government,Research Scientist,Intern,True,"LLMs, reinforcement learning, computer vision, deep learning",0.83,"Software Engineering, SQL, Python, Communication, Cloud Computing, Statistics","LLMs, reinforcement learning, computer vision, deep learning",154429,15.47,0.16,True,Medium,17,Growing
71fe31b1-6c40-4d43-a2b6-f92a21ce2a68,2025,Mexico,North America,New York,Future Systems,Small,Government,Data Scientist,Intern,True,machine learning,0.8,"Research, Communication, SQL, Python",machine learning,145471,12.25,0.25,True,High,7,Growing
3348147a-3600-46be-bb59-90e25b263cd9,2025,Canada,North America,Berlin,Future Systems,Large,Healthcare,Operations Manager,Intern,True,"NLP, deep learning, MLOps",0.42,"Data Analysis, Python, Research","NLP, deep learning, MLOps",146919,10.26,0.14,True,High,9,Growing
9989344d-6f79-43b7-96e9-1c74914ec091,2025,Canada,North America,Tokyo,Future Technologies,Large,Healthcare,AI Researcher,Junior,True,"generative AI, machine learning, reinforcement learning",0.79,"Python, SQL, Business Analysis, Statistics, Research","generative AI, machine learning, reinforcement learning",161536,5.09,0.32,True,Medium,4,Growing
967d5501-e721-4318-ba15-def7a362e68c,2024,Mexico,North America,Nairobi,NextGen Technologies,Enterprise,Healthcare,Operations Manager,Junior,True,"NLP, reinforcement learning, LLMs, MLOps",0.89,"Business Analysis, Python, Research, Cloud Computing","NLP, reinforcement learning, LLMs, MLOps",158487,14.3,0.11,True,Low,17,Growing
49256fde-4009-4207-9847-5bb7e07747e3,2020,United States,North America,Nairobi,Global Technologies,Enterprise,Healthcare,Product Manager,Mid,True,"reinforcement learning, MLOps",0.45,"SQL, Research, Cloud Computing, Business Analysis, Data Analysis, Statistics","reinforcement learning, MLOps",138241,12.01,0.21,True,Low,2,Growing
93e35c82-dd7c-4fdf-a816-4025f748add3,2024,Canada,North America,London,Future Technologies,Small,Healthcare,Data Scientist,Mid,True,"MLOps, deep learning, computer vision",0.5,"Research, Cloud Computing, Statistics, Python","MLOps, deep learning, computer vision",136206,9.41,0.26,True,High,8,Growing
1ae638ce-d0bc-45ee-b11d-de43a7bf92a6,2022,Canada,North America,Singapore,Global Analytics,Medium,Healthcare,Operations Manager,Mid,True,"LLMs, reinforcement learning, generative AI",0.73,"Cloud Computing, Python, Data Analysis, Research","LLMs, reinforcement learning, generative AI",134885,16.08,0.28,True,High,15,Growing
3e434cbe-94bb-4036-9ab7-f5e99ae13f88,2025,Australia,Oceania,London,Future Analytics,Startup,Retail,AI Researcher,Intern,True,"deep learning, MLOps, generative AI, NLP",0.43,"Communication, Software Engineering, Cloud Computing","deep learning, MLOps, generative AI, NLP",150628,7.76,0.38,True,Medium,11,Growing
645d5267-ae36-4d9f-a2b7-6b1b057d5bb4,2024,Mexico,North America,Toronto,Future Systems,Startup,Retail,Policy Analyst,Lead,True,"generative AI, MLOps, deep learning, reinforcement learning",0.85,"Python, SQL, Business Analysis, Research","generative AI, MLOps, deep learning, reinforcement learning",137310,5.12,0.22,True,High,13,Growing
faa1f98d-e04d-4413-a437-67dffabcfcb9,2022,United States,North America,Paris,Future Technologies,Enterprise,Retail,Research Scientist,Lead,True,reinforcement learning,0.57,"Business Analysis, Software Engineering, Data Analysis",reinforcement learning,135429,7.7,0.37,True,Medium,17,Growing
63ffa244-386b-41ab-9522-10dde29b8cf5,2023,Canada,North America,Paris,NextGen Systems,Enterprise,Tech,Research Scientist,Lead,True,"LLMs, deep learning, machine learning",0.66,"SQL, Software Engineering, Communication, Python, Business Analysis, Statistics","LLMs, deep learning, machine learning",154969,15.82,0.35,True,Medium,10,Mature
277e8061-5a25-4e90-a4ed-5090a255089c,2024,Canada,North America,Singapore,Prime Systems,Enterprise,Tech,Software Engineer,Lead,True,machine learning,0.8,"Statistics, SQL, Research, Cloud Computing, Python, Data Analysis",machine learning,152307,12.6,0.33,True,High,6,Mature
3662f4fe-b750-4f52-b7b0-5b367c065226,2020,United States,North America,Paris,NextGen Systems,Medium,Tech,Business Analyst,Lead,True,generative AI,0.41,"SQL, Data Analysis, Cloud Computing, Business Analysis, Statistics",generative AI,141589,12.08,0.32,True,High,5,Growing
74dfeb0d-6204-414e-aa82-cd40598b3d56,2025,United States,North America,Lagos,NextGen Solutions,Medium,Tech,Systems Engineer,Mid,True,"reinforcement learning, machine learning, MLOps, NLP",0.6,"Data Analysis, Statistics, Software Engineering, Cloud Computing, Project Management","reinforcement learning, machine learning, MLOps, NLP",157747,7.39,0.19,True,Low,10,Mature
6c035790-7e7f-4424-bbb7-4e825746db1b,2023,United States,North America,Dubai,Prime Systems,Small,Tech,Systems Engineer,Mid,True,LLMs,0.57,"Data Analysis, Software Engineering, Communication, Python",LLMs,145890,9.15,0.18,True,Medium,7,Mature
7af8b6fd-6ae9-40e1-8f43-d25ee31985ee,2025,Nigeria,Africa,Tokyo,Prime Systems,Startup,Education,Operations Manager,Executive,True,"reinforcement learning, LLMs, MLOps, generative AI",0.54,"Statistics, Research, Business Analysis","reinforcement learning, LLMs, MLOps, generative AI",35074,12.88,0.12,True,Medium,1,Growing
2d864835-dea1-4473-9876-73d36153e487,2025,Spain,Europe,Paris,Future Solutions,Large,Education,Product Manager,Executive,True,"NLP, reinforcement learning, generative AI",0.57,"Statistics, Software Engineering, SQL, Python","NLP, reinforcement learning, generative AI",126129,12.95,0.28,True,Medium,11,Growing
a004f96a-24ea-407f-bb63-b0476a15442b,2019,Vietnam,Southeast Asia,London,Prime Solutions,Large,Education,Business Analyst,Executive,True,"deep learning, NLP, MLOps",0.5,"Software Engineering, Project Management, Cloud Computing, Business Analysis","deep learning, NLP, MLOps",57645,11.15,0.33,True,Medium,12,Growing
acb99c72-d211-4b37-a64d-837780451a23,2023,Indonesia,Southeast Asia,Dubai,Prime Systems,Enterprise,Education,Operations Manager,Executive,True,NLP,0.7,"Business Analysis, SQL, Software Engineering, Project Management, Statistics, Python",NLP,67065,10.31,0.2,True,Medium,15,Growing
71e3db23-d416-4295-8438-4eb060a1f3d0,2020,Kenya,Africa,Dubai,Future Technologies,Large,Education,Research Scientist,Executive,True,"LLMs, reinforcement learning, computer vision, MLOps",0.5,"Project Management, Statistics, Communication, Python, Research, Data Analysis","LLMs, reinforcement learning, computer vision, MLOps",32410,6.03,0.36,True,High,14,Growing
4fda81ff-bea5-4c14-8409-d4cb1003c9e3,2024,Chile,South America,Sao Paulo,Future Solutions,Large,Education,Research Scientist,Executive,True,"deep learning, MLOps, machine learning, NLP",0.48,"Statistics, Project Management, Python","deep learning, MLOps, machine learning, NLP",69868,10.87,0.1,True,Medium,8,Growing
ad075496-6db3-4757-9bd9-bd3dffc7aa7c,2024,Qatar,Middle East,Berlin,Global Technologies,Large,Education,AI Researcher,Executive,True,"computer vision, deep learning, machine learning, LLMs",0.56,"Cloud Computing, Python, Communication, Business Analysis, Statistics, Project Management","computer vision, deep learning, machine learning, LLMs",85738,11.1,0.32,True,Medium,18,Growing
adb69621-6720-4ab2-a654-49a5c4e72a0c,2019,France,Europe,Dubai,NextGen Technologies,Startup,Education,Business Analyst,Executive,True,"reinforcement learning, machine learning",0.41,"Statistics, Python, Software Engineering, Cloud Computing","reinforcement learning, machine learning",93766,6.68,0.26,True,Low,7,Growing
d33397bc-6e27-4e31-a103-07291e26203c,2019,UAE,Middle East,Singapore,NextGen Systems,Medium,Education,Product Manager,Executive,True,"deep learning, MLOps",0.41,"Python, Cloud Computing, Data Analysis, Research, Statistics","deep learning, MLOps",88544,13.61,0.29,True,Low,13,Growing
d7e5546d-4538-4762-aa86-ae8c827e6d02,2020,Qatar,Middle East,Nairobi,NextGen Technologies,Large,Education,ML Engineer,Executive,True,"computer vision, generative AI",0.68,"Business Analysis, Software Engineering, Research, Communication","computer vision, generative AI",90207,15.53,0.35,True,Low,19,Growing
0026bb0a-ec7b-48ab-b5c5-f42d56887fea,2022,India,South Asia,Sao Paulo,Prime Technologies,Medium,Education,Systems Engineer,Executive,True,"MLOps, generative AI, reinforcement learning",0.72,"Cloud Computing, Data Analysis, Communication, SQL","MLOps, generative AI, reinforcement learning",42862,5.82,0.19,True,Low,11,Growing
68e97706-06f2-40d4-b77b-d5e7431e59cc,2020,Taiwan,East Asia,London,Prime Technologies,Startup,Education,ML Engineer,Executive,True,"MLOps, computer vision, NLP",0.75,"Project Management, Communication, Statistics, Python, Cloud Computing","MLOps, computer vision, NLP",100492,16.91,0.3,True,High,11,Growing
06cdb5b3-3afc-48fd-a3d1-2428dbc4c8a8,2022,UAE,Middle East,London,Global Solutions,Small,Education,Policy Analyst,Executive,True,"MLOps, computer vision, deep learning, machine learning",0.43,"Project Management, Python, Business Analysis, Software Engineering, Communication","MLOps, computer vision, deep learning, machine learning",98417,10.28,0.38,True,Medium,12,Growing
e23edc47-0d49-4bba-9fb6-7bc53181861a,2023,Canada,North America,Lagos,Global Solutions,Enterprise,Education,ML Engineer,Executive,True,"computer vision, deep learning",0.63,"SQL, Software Engineering, Research, Project Management, Business Analysis, Data Analysis","computer vision, deep learning",137706,12.13,0.22,True,Medium,12,Growing
ddb6f86a-a7bf-4978-aac9-6addc2bbac6e,2017,Ghana,Africa,Toronto,Future Systems,Medium,Education,Research Scientist,Executive,True,"reinforcement learning, NLP, MLOps, computer vision",0.54,"Statistics, Data Analysis, Python, Project Management, Software Engineering","reinforcement learning, NLP, MLOps, computer vision",33532,1.69,0.24,True,Medium,19,Growing
303a4310-5fab-4e3c-8e59-a63e844aae07,2019,China,East Asia,Nairobi,Global Analytics,Medium,Education,Policy Analyst,Intern,True,"deep learning, reinforcement learning",0.52,"SQL, Cloud Computing, Communication, Software Engineering, Statistics","deep learning, reinforcement learning",107610,7.53,0.15,True,High,15,Growing
d53ca7d7-9641-40bc-a68c-c9a6b658a534,2022,Qatar,Middle East,Lagos,Global Analytics,Small,Education,AI Researcher,Intern,True,NLP,0.51,"Cloud Computing, Communication, Statistics, Project Management, Business Analysis, Software Engineering",NLP,91509,13.84,0.13,True,Low,13,Growing
5e701157-1791-4d73-ad1e-7cf2933e6efc,2025,Malaysia,Southeast Asia,Lagos,Future Solutions,Large,Education,Operations Manager,Intern,True,"reinforcement learning, generative AI",0.69,"SQL, Research, Cloud Computing, Data Analysis","reinforcement learning, generative AI",58160,10.86,0.19,True,Medium,19,Growing
37ba0c57-9663-4751-b3fc-9eeef5d8e431,2025,United Kingdom,Europe,Berlin,Global Technologies,Large,Education,Business Analyst,Intern,True,"MLOps, NLP, reinforcement learning, computer vision",0.89,"Research, Business Analysis, Statistics, Python","MLOps, NLP, reinforcement learning, computer vision",125761,17.81,0.2,True,Medium,12,Growing
5755c6ca-860d-43ab-bed1-92f112d24c1b,2019,New Zealand,Oceania,Tokyo,Future Systems,Medium,Education,Research Scientist,Intern,True,"machine learning, computer vision, NLP, deep learning",0.56,"Python, Research, Statistics, Project Management, Data Analysis, SQL","machine learning, computer vision, NLP, deep learning",104841,12.11,0.15,True,High,4,Growing
f2a851b6-f9df-4c92-9d26-7a04c12a63dd,2013,Taiwan,East Asia,Paris,NextGen Analytics,Enterprise,Education,AI Researcher,Intern,True,"reinforcement learning, machine learning, NLP",0.54,"Cloud Computing, Data Analysis, SQL, Business Analysis, Software Engineering","reinforcement learning, machine learning, NLP",78293,-3.8,0.14,True,Medium,16,Emerging
27c04816-a4e3-44f2-b61f-24575dbcd617,2020,France,Europe,Seoul,Future Technologies,Startup,Education,AI Researcher,Intern,True,machine learning,0.41,"Python, Business Analysis, Cloud Computing, Statistics, Research, SQL",machine learning,122248,15.69,0.19,True,Medium,15,Growing
efc9e039-f49d-47a4-a8af-1a0f1d3c3d2a,2024,Israel,Middle East,Seoul,Global Systems,Large,Education,Data Scientist,Intern,True,"reinforcement learning, NLP",0.44,"SQL, Business Analysis, Project Management, Python, Communication, Research","reinforcement learning, NLP",87708,14.98,0.13,True,Low,6,Growing
895cd1c7-f1cc-4e4f-8810-4e3449660d4a,2017,United States,North America,New York,Future Analytics,Startup,Government,Data Scientist,Executive,True,"deep learning, reinforcement learning",0.68,"Research, SQL, Python, Communication, Cloud Computing, Software Engineering","deep learning, reinforcement learning",112281,2.56,0.3,True,Low,7,Growing
8ebdd1b0-53f6-4656-b5f2-bd38402ed789,2010,Nigeria,Africa,Bangalore,Global Analytics,Small,Government,Software Engineer,Executive,True,reinforcement learning,0.53,"Project Management, SQL, Business Analysis, Statistics",reinforcement learning,27995,0.8,0.27,True,Medium,0,Emerging
b33e0711-95a0-47cb-b466-a605c826ed79,2023,United Kingdom,Europe,London,Future Analytics,Small,Government,ML Engineer,Executive,True,"deep learning, LLMs",0.48,"Statistics, Python, Research, Business Analysis, Software Engineering","deep learning, LLMs",114740,10.49,0.29,True,Low,0,Growing
1badedc3-0c64-40a0-ae86-3f5aadb46a03,2025,Netherlands,Europe,Dubai,Global Analytics,Medium,Government,Systems Engineer,Executive,True,"LLMs, computer vision, deep learning",0.61,"SQL, Business Analysis, Python, Cloud Computing","LLMs, computer vision, deep learning",135054,17.25,0.2,True,Low,14,Growing
d673c4b0-2a37-4ef0-b303-afa1d12339ca,2020,Jordan,Middle East,Lagos,Global Solutions,Small,Government,Policy Analyst,Executive,True,"reinforcement learning, machine learning",0.48,"Data Analysis, Research, Business Analysis","reinforcement learning, machine learning",86895,8.84,0.16,True,Low,12,Growing
738c9b20-e230-41ef-a01f-df3d678c9c5f,2021,Mexico,North America,Lagos,Future Technologies,Small,Government,ML Engineer,Executive,True,"reinforcement learning, NLP, generative AI, LLMs",0.85,"Python, Statistics, Research, Project Management, Business Analysis, SQL","reinforcement learning, NLP, generative AI, LLMs",129313,6.21,0.2,True,Low,1,Growing
17a66919-d67c-40ef-921c-63271f8e065d,2023,United Kingdom,Europe,Toronto,Global Technologies,Small,Government,Research Scientist,Executive,True,"MLOps, computer vision, NLP, machine learning",0.74,"Software Engineering, Cloud Computing, SQL, Data Analysis","MLOps, computer vision, NLP, machine learning",112359,10.77,0.22,True,Low,17,Growing
9a081b41-dc7a-4326-bf03-1ec5185c5409,2010,Brazil,South America,Sao Paulo,NextGen Technologies,Enterprise,Government,Product Manager,Executive,True,"computer vision, reinforcement learning, MLOps, NLP",0.57,"Research, Cloud Computing, Project Management, Software Engineering, Python, Statistics","computer vision, reinforcement learning, MLOps, NLP",44679,4.27,0.19,True,High,2,Emerging
40d8da24-49a7-490a-a7b6-9eeb23112e3e,2020,United States,North America,Singapore,Global Analytics,Large,Government,Operations Manager,Executive,True,"machine learning, MLOps, deep learning, generative AI",0.5,"Data Analysis, Project Management, SQL","machine learning, MLOps, deep learning, generative AI",122686,15.14,0.23,True,Medium,10,Growing
b1d2b8b9-779d-4c3e-84f1-1af439acbbab,2023,Taiwan,East Asia,Nairobi,Prime Analytics,Startup,Government,Operations Manager,Executive,True,"machine learning, generative AI",0.81,"Business Analysis, Research, Python, Communication, Software Engineering, Statistics","machine learning, generative AI",119531,9.75,0.14,True,Low,14,Growing
05c1becf-dd72-4ae6-9bc7-5073e1776af1,2020,South Korea,East Asia,Sydney,Prime Analytics,Medium,Government,AI Researcher,Executive,True,"NLP, deep learning, LLMs",0.82,"Data Analysis, Statistics, SQL, Business Analysis","NLP, deep learning, LLMs",110131,8.99,0.11,True,Medium,0,Growing
85de7f0b-4095-4d8b-8861-559b4c154810,2022,Indonesia,Southeast Asia,Bangalore,NextGen Systems,Enterprise,Government,Software Engineer,Executive,True,deep learning,0.72,"Statistics, Project Management, Cloud Computing, Python",deep learning,55585,7.12,0.16,True,Medium,8,Growing
b856564c-fc46-41bc-9911-b832c20ca5cb,2012,Canada,North America,London,Global Solutions,Large,Government,Data Scientist,Executive,True,"NLP, MLOps, reinforcement learning, deep learning",0.89,"Project Management, SQL, Research, Statistics, Business Analysis, Cloud Computing","NLP, MLOps, reinforcement learning, deep learning",93812,-3.79,0.25,True,High,14,Emerging
f45cabd0-6e22-4840-969e-0114c528267c,2023,New Zealand,Oceania,Toronto,Future Systems,Large,Government,Data Scientist,Executive,True,"machine learning, computer vision, reinforcement learning",0.41,"Project Management, Data Analysis, Cloud Computing, Software Engineering, Research, Business Analysis","machine learning, computer vision, reinforcement learning",143661,12.37,0.11,True,High,8,Growing
23053926-c2c7-4b19-8214-3743ca763a1f,2023,Taiwan,East Asia,Toronto,Future Systems,Startup,Government,Product Manager,Executive,True,"reinforcement learning, deep learning",0.72,"Python, Data Analysis, Business Analysis, Software Engineering, Project Management, Communication","reinforcement learning, deep learning",120358,5.47,0.29,True,Medium,18,Growing
c6ca6e7d-fae1-42fb-b891-40493274131d,2021,Ghana,Africa,Nairobi,NextGen Technologies,Small,Government,Operations Manager,Executive,True,"LLMs, computer vision, generative AI, machine learning",0.7,"Research, Statistics, Data Analysis, Business Analysis","LLMs, computer vision, generative AI, machine learning",31217,17.74,0.11,True,Medium,6,Growing
3ec4c6b1-5230-4bf4-92b6-ce6be57a079a,2017,China,East Asia,Singapore,NextGen Analytics,Enterprise,Government,Software Engineer,Intern,True,NLP,0.91,"Python, Cloud Computing, Project Management",NLP,82883,3.61,0.27,True,Low,1,Growing
bdef3d2c-85c1-461f-b1b1-b87c8f4328d4,2023,Australia,Oceania,Dubai,Future Technologies,Startup,Government,Business Analyst,Intern,True,"machine learning, computer vision",0.59,"Project Management, Data Analysis, Research","machine learning, computer vision",133739,6.81,0.23,True,High,7,Growing
8d0b1d9a-83e1-4734-9bb1-a1363995445e,2023,Colombia,South America,Dubai,Future Analytics,Enterprise,Government,Business Analyst,Intern,True,"computer vision, reinforcement learning, NLP",0.57,"Python, Project Management, Software Engineering, SQL","computer vision, reinforcement learning, NLP",71216,5.5,0.17,True,Medium,0,Growing
56252732-b406-4e7c-86c7-e37717b22cdc,2022,Taiwan,East Asia,London,Global Solutions,Large,Government,Operations Manager,Intern,True,"machine learning, generative AI, deep learning, LLMs",0.87,"Cloud Computing, Statistics, Communication, Business Analysis, Data Analysis, Software Engineering","machine learning, generative AI, deep learning, LLMs",118714,9.05,0.28,True,Medium,9,Growing
f576d770-937a-4356-94d3-91b7b6fc52d1,2019,Ghana,Africa,Singapore,NextGen Solutions,Small,Government,Operations Manager,Intern,True,"deep learning, machine learning, NLP",0.66,"Data Analysis, Software Engineering, Communication, Cloud Computing, Python, Research","deep learning, machine learning, NLP",34373,10.6,0.27,True,High,13,Growing
b3b7e8d3-d76b-4388-a267-c59f86a3d4ff,2022,Chile,South America,Seoul,NextGen Analytics,Small,Government,Business Analyst,Intern,True,NLP,0.47,"SQL, Business Analysis, Cloud Computing, Statistics",NLP,71591,5.52,0.26,True,High,15,Growing
2b4bd00b-7be7-44e2-a3a7-78649466bfcb,2021,Chile,South America,Berlin,Future Solutions,Large,Government,Systems Engineer,Intern,True,"machine learning, generative AI",0.76,"Project Management, Data Analysis, Python, Software Engineering, SQL","machine learning, generative AI",65321,12.96,0.11,True,Low,4,Growing
08aa64f9-eca3-4462-a2af-29891c441591,2024,China,East Asia,New York,NextGen Systems,Small,Government,Data Scientist,Intern,True,NLP,0.52,"Statistics, Python, SQL, Business Analysis, Project Management",NLP,121018,6.46,0.17,True,Low,9,Growing
85d63277-15ab-4249-be70-90c2eb9209e8,2023,Poland,Europe,Paris,Future Systems,Small,Government,Software Engineer,Intern,True,NLP,0.93,"Python, Research, Business Analysis, Statistics, SQL, Communication",NLP,119134,15.64,0.27,True,Medium,9,Growing
b3064c7f-4052-440d-b4f2-7c5e7e436d1c,2022,Qatar,Middle East,Lagos,Prime Technologies,Large,Government,Policy Analyst,Intern,True,"computer vision, LLMs, reinforcement learning",0.57,"Communication, Cloud Computing, Business Analysis, Data Analysis","computer vision, LLMs, reinforcement learning",96660,16.03,0.24,True,Medium,13,Growing
9050bb99-4e4b-47b3-b6cb-8f6e85ef66ac,2021,Australia,Oceania,Bangalore,Future Analytics,Large,Government,AI Researcher,Intern,True,"computer vision, generative AI, NLP, machine learning",0.5,"SQL, Communication, Python, Research, Data Analysis, Business Analysis","computer vision, generative AI, NLP, machine learning",125789,5.68,0.29,True,High,19,Growing
5e8eaed1-3868-4dc9-9e96-c58e5c18614e,2020,Nepal,South Asia,Sao Paulo,NextGen Systems,Large,Government,Operations Manager,Intern,True,"MLOps, generative AI",0.46,"Business Analysis, Data Analysis, Cloud Computing, Research","MLOps, generative AI",40995,9.26,0.26,True,High,11,Growing
8b0957c1-450a-4bd7-adb3-ac9cb4875ae3,2018,South Korea,East Asia,Paris,NextGen Solutions,Large,Government,Systems Engineer,Intern,True,"deep learning, machine learning, NLP, MLOps",0.86,"Statistics, Data Analysis, Cloud Computing, SQL, Research","deep learning, machine learning, NLP, MLOps",95689,11.85,0.29,True,High,10,Growing
c315f062-f9c5-4308-b453-9f885e5e2121,2021,UAE,Middle East,Toronto,Global Systems,Enterprise,Government,Data Scientist,Intern,True,"deep learning, reinforcement learning",0.63,"Communication, Research, Statistics, Python, Cloud Computing, SQL","deep learning, reinforcement learning",86625,14.1,0.22,True,High,3,Growing
9a610a73-6df3-4b43-96b7-eb41b3c43765,2015,Jordan,Middle East,Sao Paulo,NextGen Systems,Small,Government,Policy Analyst,Intern,True,"MLOps, deep learning, machine learning",0.74,"Communication, Statistics, Software Engineering, Business Analysis","MLOps, deep learning, machine learning",92203,4.07,0.22,True,High,11,Emerging
4a90b3c0-3b7c-4f99-91ce-81cb49538dac,2011,Saudi Arabia,Middle East,Dubai,Global Technologies,Startup,Government,Research Scientist,Intern,True,NLP,0.48,"Communication, Statistics, Business Analysis, Software Engineering, Python",NLP,81190,-1.17,0.17,True,High,7,Emerging
114e5b67-91de-416a-959d-bb6e95307bec,2025,India,South Asia,Paris,Future Solutions,Medium,Government,ML Engineer,Mid,True,"reinforcement learning, deep learning, computer vision, LLMs",0.54,"Software Engineering, Research, Communication, Statistics, Python","reinforcement learning, deep learning, computer vision, LLMs",39867,14.68,0.3,True,High,10,Growing
2de4f798-442c-4263-b441-3285c06e0a0a,2022,Chile,South America,London,Prime Analytics,Medium,Government,Business Analyst,Mid,True,"machine learning, generative AI, NLP",0.44,"Project Management, Cloud Computing, Communication, Data Analysis","machine learning, generative AI, NLP",71197,10.49,0.11,True,High,13,Growing
b4c840c1-68b7-4490-9953-ff594366803c,2019,Thailand,Southeast Asia,Sao Paulo,NextGen Solutions,Medium,Government,Policy Analyst,Mid,True,"computer vision, NLP, reinforcement learning",0.48,"Python, Project Management, Communication, Cloud Computing, Business Analysis","computer vision, NLP, reinforcement learning",54384,10.93,0.15,True,Medium,12,Growing
c681b33c-e651-46e4-9836-b234ce71d545,2021,Australia,Oceania,Paris,Future Technologies,Startup,Government,Business Analyst,Mid,True,"LLMs, generative AI, NLP, MLOps",0.43,"Software Engineering, Project Management, Business Analysis, Research","LLMs, generative AI, NLP, MLOps",108545,11.34,0.18,True,Medium,1,Growing
30e4154e-72f1-4623-9a2f-a8475806f95b,2022,Israel,Middle East,Tokyo,Future Analytics,Startup,Government,Operations Manager,Mid,True,MLOps,0.44,"Software Engineering, Research, Cloud Computing, Data Analysis, Statistics, SQL",MLOps,85740,11.37,0.23,True,Medium,7,Growing
ae748410-0a94-497f-be5a-1d3f6ea1d77a,2023,Philippines,Southeast Asia,Dubai,Prime Technologies,Small,Government,ML Engineer,Mid,True,"generative AI, LLMs, deep learning",0.44,"SQL, Data Analysis, Communication, Software Engineering","generative AI, LLMs, deep learning",57028,14.67,0.33,True,Medium,11,Growing
a2faa281-53cd-4e90-abfe-93f437def6cd,2024,Australia,Oceania,Dubai,Global Systems,Enterprise,Government,Operations Manager,Mid,True,"NLP, LLMs",0.54,"SQL, Software Engineering, Research","NLP, LLMs",110476,8.45,0.22,True,Medium,8,Growing
315fd788-aeab-44b4-8356-6cc946e9927d,2014,Nepal,South Asia,Dubai,Global Analytics,Medium,Government,Policy Analyst,Mid,True,"deep learning, MLOps",0.49,"Python, Statistics, SQL","deep learning, MLOps",27335,-3.48,0.16,True,Medium,12,Emerging
a31db891-2be0-4cb7-989d-87145cd78515,2014,Spain,Europe,New York,NextGen Systems,Enterprise,Government,Data Scientist,Mid,True,"MLOps, reinforcement learning, NLP, computer vision",0.5,"SQL, Data Analysis, Software Engineering, Business Analysis, Cloud Computing","MLOps, reinforcement learning, NLP, computer vision",101292,-0.67,0.38,True,High,19,Emerging
cea78eed-10d3-48e9-b0fd-d4b914e202ce,2025,Sri Lanka,South Asia,Nairobi,NextGen Technologies,Medium,Government,AI Researcher,Mid,True,"deep learning, LLMs, machine learning, generative AI",0.5,"Communication, Software Engineering, Data Analysis, Project Management, Research","deep learning, LLMs, machine learning, generative AI",38670,14.31,0.26,True,High,11,Growing
fb3521f9-fe49-47d4-9310-32b1c33b66d8,2024,Pakistan,South Asia,Seoul,Prime Systems,Small,Healthcare,Policy Analyst,Intern,True,"machine learning, NLP, reinforcement learning, MLOps",0.48,"Software Engineering, Data Analysis, Research, Cloud Computing","machine learning, NLP, reinforcement learning, MLOps",38920,7.78,0.16,True,High,4,Growing
a8ad9caa-fe41-462b-b3f2-0d70cab8c0a2,2023,India,South Asia,Bangalore,Future Solutions,Startup,Healthcare,Operations Manager,Intern,True,reinforcement learning,0.46,"Python, Communication, Statistics, Business Analysis, Project Management",reinforcement learning,37420,13.54,0.29,True,Medium,10,Growing
d31a29e9-55a2-480f-87ca-ed765da8eb37,2023,Philippines,Southeast Asia,Sydney,Prime Solutions,Small,Healthcare,AI Researcher,Intern,True,"generative AI, computer vision, MLOps",0.46,"SQL, Data Analysis, Python, Business Analysis","generative AI, computer vision, MLOps",53428,16.31,0.11,True,Medium,12,Growing
f5e16521-9d1a-4255-b640-3d96f6f16608,2023,Ghana,Africa,Toronto,Global Analytics,Startup,Healthcare,Product Manager,Mid,True,"deep learning, LLMs, MLOps",0.68,"Statistics, SQL, Communication","deep learning, LLMs, MLOps",40159,12.2,0.22,True,Low,3,Growing
2758afed-f933-441d-a039-6312945f4d36,2024,France,Europe,Tokyo,Global Technologies,Small,Healthcare,Policy Analyst,Mid,True,"reinforcement learning, NLP",0.42,"Software Engineering, Communication, Python, Research, Statistics, Data Analysis","reinforcement learning, NLP",128636,8.01,0.18,True,Low,16,Growing
98379c4c-d7c4-47f8-b8c7-bf0fd3b1523c,2022,Australia,Oceania,Seoul,Future Technologies,Enterprise,Healthcare,Policy Analyst,Mid,True,"generative AI, reinforcement learning, machine learning",0.55,"SQL, Statistics, Python, Business Analysis","generative AI, reinforcement learning, machine learning",108418,16.4,0.21,True,Low,2,Growing
c7007d85-c6f5-4d1f-97aa-8afca73cea6f,2022,Netherlands,Europe,Paris,Global Analytics,Enterprise,Healthcare,Product Manager,Mid,True,"computer vision, NLP",0.69,"Software Engineering, Research, Cloud Computing","computer vision, NLP",123893,9.81,0.17,True,Medium,17,Growing
40024d61-4423-43f5-8268-3625c758eb36,2012,Indonesia,Southeast Asia,New York,Global Systems,Large,Healthcare,Research Scientist,Mid,True,"machine learning, computer vision, reinforcement learning",0.43,"Communication, Data Analysis, Software Engineering","machine learning, computer vision, reinforcement learning",42535,0.62,0.31,True,Low,2,Emerging
01e298c2-4e4a-4755-98a9-484a545693e2,2024,Thailand,Southeast Asia,Singapore,NextGen Systems,Large,Healthcare,Software Engineer,Mid,True,"reinforcement learning, generative AI, NLP",0.43,"Business Analysis, Python, Project Management, Statistics, Software Engineering","reinforcement learning, generative AI, NLP",68498,13.56,0.26,True,Low,16,Growing
9555cd3f-b154-48d5-9530-afcfacff2981,2024,France,Europe,Seoul,Future Analytics,Medium,Healthcare,Product Manager,Mid,True,LLMs,0.73,"SQL, Research, Business Analysis, Software Engineering",LLMs,131929,8.23,0.31,True,Medium,11,Growing
6fbf2235-97c4-41a5-a567-c089830421a6,2014,Saudi Arabia,Middle East,Sydney,Global Analytics,Enterprise,Healthcare,Systems Engineer,Mid,True,"deep learning, MLOps, NLP",0.44,"Data Analysis, Communication, Cloud Computing, Business Analysis, Research, Software Engineering","deep learning, MLOps, NLP",77061,2.91,0.24,True,High,7,Emerging
91f8d4a7-54c4-4a33-a1ab-faea70056dd1,2022,Israel,Middle East,Singapore,Global Technologies,Large,Healthcare,Research Scientist,Mid,True,"deep learning, MLOps, NLP",0.68,"Statistics, Research, Project Management, Communication, Cloud Computing","deep learning, MLOps, NLP",88447,16.09,0.29,True,Medium,7,Growing
e23e996f-974c-49d3-a82b-499795e9186b,2021,Chile,South America,Toronto,Global Solutions,Medium,Healthcare,Research Scientist,Mid,True,"generative AI, deep learning, machine learning",0.45,"Statistics, SQL, Cloud Computing, Data Analysis, Research","generative AI, deep learning, machine learning",66584,9.74,0.27,True,Low,0,Growing
c785bc77-1981-4c1d-afd7-4e10b2c767a3,2022,Poland,Europe,Lagos,Prime Solutions,Large,Healthcare,Software Engineer,Mid,True,LLMs,0.9,"Data Analysis, Python, SQL",LLMs,104935,14.66,0.11,True,Low,18,Growing
6d1987d0-ecfe-4400-8792-5103f0498ba4,2022,Chile,South America,Sao Paulo,Global Analytics,Startup,Healthcare,Research Scientist,Mid,True,"LLMs, computer vision",0.77,"Project Management, Communication, Cloud Computing, Python, Business Analysis","LLMs, computer vision",76123,12.2,0.19,True,Low,6,Growing
8626927d-ffe3-4f01-86b2-ed16c9245ece,2025,Netherlands,Europe,Tokyo,Global Systems,Large,Healthcare,ML Engineer,Mid,True,"machine learning, LLMs, deep learning",0.59,"Statistics, Data Analysis, Project Management, Research","machine learning, LLMs, deep learning",108996,13.44,0.26,True,High,9,Growing
e56214e7-4487-4ac5-81d7-0e5a3814f982,2010,Egypt,Africa,New York,Future Solutions,Enterprise,Healthcare,Systems Engineer,Mid,True,"machine learning, NLP",0.77,"Cloud Computing, Research, Data Analysis, Project Management","machine learning, NLP",22588,-4.35,0.26,True,Medium,4,Emerging
b76b9ee0-6a84-4a12-8503-33c000b90151,2024,Australia,Oceania,Berlin,Global Systems,Large,Healthcare,Operations Manager,Mid,True,"deep learning, generative AI",0.48,"Business Analysis, Python, Data Analysis, Statistics, Project Management","deep learning, generative AI",132021,8.69,0.18,True,Medium,2,Growing
ee669488-41a1-43a0-806e-15a5dff02082,2023,Chile,South America,Bangalore,Future Systems,Small,Healthcare,Research Scientist,Mid,True,NLP,0.76,"Software Engineering, Communication, SQL, Business Analysis",NLP,61324,8.51,0.26,True,Low,7,Growing
135a336e-55ac-4bfc-958a-358365a031f7,2025,Sri Lanka,South Asia,Toronto,Future Systems,Large,Healthcare,Systems Engineer,Mid,True,deep learning,0.9,"Project Management, Statistics, SQL, Python, Data Analysis, Business Analysis",deep learning,38036,8.29,0.31,True,Low,19,Growing
f349ceb5-c830-4958-afad-56be680c07b7,2017,Argentina,South America,Toronto,NextGen Systems,Enterprise,Healthcare,Product Manager,Mid,True,reinforcement learning,0.8,"Cloud Computing, SQL, Project Management, Communication, Business Analysis",reinforcement learning,61534,1.27,0.12,True,Low,15,Growing
